悪夢の断片,あくむのだんぺん,人名,原神/キャラクター
マリーゴールド,まりーごーるど,人名,原神/キャラクター
ヒスイ,ひすい,人名,原神/キャラクター
ナミ,なみ,人名,原神/キャラクター
グルル,ぐるる,人名,原神/キャラクター
マッドマンハンター,まっどまんはんたー,人名,原神/キャラクター
カラフルノロマ,からふるのろま,人名,原神/キャラクター
テノヨロチン,てのよろちん,人名,原神/キャラクター
ボス・チョコタス,ぼす・ちょこたす,人名,原神/キャラクター
ナナシアン,ななしあん,人名,原神/キャラクター
ヴィラビ,ゔぃらび,人名,原神/キャラクター
シトン,しとん,人名,原神/キャラクター
カンパ,かんぱ,人名,原神/キャラクター
リズミカル職人,,人名,原神/キャラクター
トトルトトル,ととるととる,人名,原神/キャラクター
花燭と矢羽根の司祭,かしょくとやばねのしさい,人名,原神/キャラクター
至高なる領主,しこうなるりょうしゅ,人名,原神/キャラクター
レジ,れじ,人名,原神/キャラクター
神骨の蛇姫,しんこつのじゃき,人名,原神/キャラクター
バラチコ,ばらちこ,人名,原神/キャラクター
波のジャプー,なみのじゃぷー,人名,原神/キャラクター
イェーイェー副教官,,人名,原神/キャラクター
シャムシール使いのおっさん,しゃむしーるつかいのおっさん,人名,原神/キャラクター
バンバンローリングストーン,ばんばんろーりんぐすとーん,人名,原神/キャラクター
リトルプリンス,りとるぷりんす,人名,原神/キャラクター
残酷ドドリアン,,人名,原神/キャラクター
茶トラ猫さん,ちゃとらねこさん,人名,原神/キャラクター
灰色猫さん,はいいろねこさん,人名,原神/キャラクター
裂けアゴハルク,さけあごはるく,人名,原神/キャラクター
レディドッグさん,れでぃどっぐさん,人名,原神/キャラクター
燃える積み木,もえるつみき,人名,原神/キャラクター
グライアイの眼,,人名,原神/キャラクター
エゲリア,えげりあ,人名,原神/キャラクター
リュドヒカ・シュナイツェフナ,りゅどひか・しゅないつぇふな,人名,原神/キャラクター
子オオカミ,こおおかみ,人名,原神/キャラクター
エデ,えで,人名,原神/キャラクター
オートモンターニュ,おーともんたーにゅ,人名,原神/キャラクター
ラワット,らわっと,人名,原神/キャラクター
ポトン,ぽとん,人名,原神/キャラクター
ウォルジー,うぉるじー,人名,原神/キャラクター
魔女婆さん,まじょばあさん,人名,原神/キャラクター
イノシシプリンセス,いのししぷりんせす,人名,原神/キャラクター
レインドット,れいんどっと,人名,原神/キャラクター
コロタール・アルベリヒ,ころたーる・あるべりひ,人名,原神/キャラクター
罪人,つみびと,人名,原神/キャラクター
アトッサ,あとっさ,人名,原神/キャラクター
バハラーム,ばはらーむ,人名,原神/キャラクター
アマディア,あまでぃあ,人名,原神/キャラクター
カリベルト・アルベリヒ,かりべると・あるべりひ,人名,原神/キャラクター
フロリアン,ふろりあん,人名,原神/キャラクター
スカーク,すかーく,人名,原神/キャラクター
フロプタチュール,ふろぷたちゅーる,人名,原神/キャラクター
ヴェズルフェルニル,ゔぇずるふぇるにる,人名,原神/キャラクター
スルトロッチ,するとろっち,人名,原神/キャラクター
レリル,れりる,人名,原神/キャラクター
賢者,けんじゃ,人名,原神/キャラクター
予言者,よげんしゃ,人名,原神/キャラクター
黄金,おうごん,人名,原神/キャラクター
極悪騎,ごくあくき,人名,原神/キャラクター
月の狩人,つきのかりゅうど,人名,原神/キャラクター
カーンルイアの「五大罪人」,かーんるいあのごだいつみびと,人名,原神/キャラクター
マハールッカデヴァータ,まはーるっかでゔぁーた,人名,原神/キャラクター
ニコ・リヤン,にこ・りやん,人名,原神/キャラクター
アーラヴ,あーらゔ,人名,原神/キャラクター
バムーン,ばむーん,人名,原神/キャラクター
ナフィス,なふぃす,人名,原神/キャラクター
リリス,りりす,人名,原神/キャラクター
マリアン,まりあん,人名,原神/キャラクター
マリアン・ギヨタン,まりあん・ぎよたん,人名,原神/キャラクター
ルネ・ド・ペトリコール,るね・ど・ぺとりこーる,人名,原神/キャラクター
カール・インゴルド,かーる・いんごるど,人名,原神/キャラクター
カーター・シェルビウス,かーたー・しぇるびうす,人名,原神/キャラクター
カッシオドル,かっしおどる,人名,原神/キャラクター
クルセビナ,くるせびな,人名,原神/キャラクター
クリーヴ,くりーゔ,人名,原神/キャラクター
ウッスー,うっすー,人名,原神/キャラクター
ボエティウス,ぼえてぃうす,人名,原神/キャラクター
スキュラ,すきゅら,人名,原神/キャラクター
橙色騎士,おれんじきし,人名,原神/キャラクター
カリロエー,かりろえー,人名,原神/キャラクター
ピンばあや,ぴんばあや,人名,原神/キャラクター
言笑,げんしょう,人名,原神/キャラクター
浮錦,ふきん,人名,原神/キャラクター
霊淵,れいえん,人名,原神/キャラクター
薬君,やくくん,人名,原神/キャラクター
羅おじ,らおじ,人名,原神/キャラクター
マオくん,まおくん,人名,原神/キャラクター
漱玉,そうぎょく,人名,原神/キャラクター
遠黛,えんたい,人名,原神/キャラクター
ウェンツァイ,うぇんつぁい,人名,原神/キャラクター
候章,こうしょう,人名,原神/キャラクター
接笏,せっしゃく,人名,原神/キャラクター
葉徳,ようとく,人名,原神/キャラクター
キャタピラー,きゃたぴらー,人名,原神/キャラクター
ラノール,らのーる,人名,原神/キャラクター
ナルツィッセンクロイツ,なるつぃっせんくろいつ,人名,原神/キャラクター
ジヴェルニー,じゔぇるにー,人名,原神/キャラクター
ベネッティ,べねってぃ,人名,原神/キャラクター
メリッサ,めりっさ,人名,原神/キャラクター
エソンヌ,えそんぬ,人名,原神/キャラクター
ジョリエンヌ,じょりえんぬ,人名,原神/キャラクター
ジョインビレ,じょいんびれ,人名,原神/キャラクター
デジレ,でじれ,人名,原神/キャラクター
エズモンド,えずもんど,人名,原神/キャラクター
セドナ,せどな,人名,原神/キャラクター
ローウィック,ろーうぃっく,人名,原神/キャラクター
ポウル,ぽうる,人名,原神/キャラクター
ドルフィー,どるふぃー,人名,原神/キャラクター
ブラウド,ぶらうど,人名,原神/キャラクター
エレイン,えれいん,人名,原神/キャラクター
ヴィルマント,ゔぃるまんと,人名,原神/キャラクター
レピーヌ·ポーリーン,れぴーぬ·ぽーりーん,人名,原神/キャラクター
トルクシー,とるくしー,人名,原神/キャラクター
ジュリア·ドストレ,じゅりあ·どすとれ,人名,原神/キャラクター
ジャラーカン,じゃらーかん,人名,原神/キャラクター
レスコー·ドストレ,れすこー·どすとれ,人名,原神/キャラクター
嘉瑋,,人名,原神/キャラクター
鯨井椛,くじらいもみじ,人名,原神/キャラクター
ルーメラ,るーめら,人名,原神/キャラクター
スメイヌ,すめいぬ,人名,原神/キャラクター
イェン,いぇん,人名,原神/キャラクター
久利由売,,人名,原神/キャラクター
広海,ひろみ,人名,原神/キャラクター
順,じゅん,人名,原神/キャラクター
オレグ,おれぐ,人名,原神/キャラクター
アランミナリ,あらんみなり,人名,原神/キャラクター
カーレス,かーれす,人名,原神/キャラクター
アルエ,あるえ,人名,原神/キャラクター
デラロッシュ,でらろっしゅ,人名,原神/キャラクター
ブシコー,ぶしこー,人名,原神/キャラクター
アイベル,あいべる,人名,原神/キャラクター
エルファネ,えるふぁね,人名,原神/キャラクター
マーセル,まーせる,人名,原神/キャラクター
ヴァシェ,ゔぁしぇ,人名,原神/キャラクター
ヴェニール,ゔぇにーる,人名,原神/キャラクター
ジャック,じゃっく,人名,原神/キャラクター
怪盗マーテン,,人名,原神/キャラクター
セサル,せさる,人名,原神/キャラクター
ジェマ,じぇま,人名,原神/キャラクター
ロレンツォ,ろれんつぉ,人名,原神/キャラクター
べレナータ,べれなーた,人名,原神/キャラクター
カラボス,からぼす,人名,原神/キャラクター
トピア,とぴあ,人名,原神/キャラクター
カノティラ,かのてぃら,人名,原神/キャラクター
アッシェン,あっしぇん,人名,原神/キャラクター
プーカ,ぷーか,人名,原神/キャラクター
チェシル,ちぇしる,人名,原神/キャラクター
コスンツァーナ,こすんつぁーな,人名,原神/キャラクター
ジェイコブ・インゴルド,じぇいこぶ・いんごるど,人名,原神/キャラクター
バザル・エルトン,ばざる・えるとん,人名,原神/キャラクター
ヴァージル,ゔぁーじる,人名,原神/キャラクター
ソニィ,そにぃ,人名,原神/キャラクター
ルカ,るか,人名,原神/キャラクター
アンリ,あんり,人名,原神/キャラクター
アイオーヌ,あいおーぬ,人名,原神/キャラクター
ロアルテ,ろあるて,人名,原神/キャラクター
レモディエール,れもでぃえーる,人名,原神/キャラクター
エデル,えでる,人名,原神/キャラクター
リノレア,りのれあ,人名,原神/キャラクター
デピエリ,でぴえり,人名,原神/キャラクター
オーレル,おーれる,人名,原神/キャラクター
ヴェルー,ゔぇるー,人名,原神/キャラクター
ロウ,ろう,人名,原神/キャラクター
イヴス,いゔす,人名,原神/キャラクター
ブレッソン,ぶれっそん,人名,原神/キャラクター
ナンタック,なんたっく,人名,原神/キャラクター
亀井宗久,かめいむねひさ,人名,原神/キャラクター
アントーン・ロジャー,あんとーん・ろじゃー,人名,原神/キャラクター
サルサ,さるさ,人名,原神/キャラクター
マメール,まめーる,人名,原神/キャラクター
セイモア,せいもあ,人名,原神/キャラクター
アン,あん,人名,原神/キャラクター
ユーフラシア,ゆーふらしあ,人名,原神/キャラクター
ザハハディ,ざははでぃ,人名,原神/キャラクター
シルヴァ,しるゔぁ,人名,原神/キャラクター
マルシラック,まるしらっく,人名,原神/キャラクター
リーヴァ,りーゔぁ,人名,原神/キャラクター
カロン,かろん,人名,原神/キャラクター
マイヤルデ,まいやるで,人名,原神/キャラクター
コーウェル,こーうぇる,人名,原神/キャラクター
ホールジー,ほーるじー,人名,原神/キャラクター
リリア,りりあ,人名,原神/キャラクター
ファラナク,ふぁらなく,人名,原神/キャラクター
エスタブレ,えすたぶれ,人名,原神/キャラクター
石商,せきしょう,人名,原神/キャラクター
サディーフ,さでぃーふ,人名,原神/キャラクター
オーガスタス・ラヴレス,おーがすたす・らゔれす,人名,原神/キャラクター
ゾシモス,ぞしもす,人名,原神/キャラクター
イディア,いでぃあ,人名,原神/キャラクター
レッシグ・ローレンス,れっしぐ・ろーれんす,人名,原神/キャラクター
フェルディナンド,ふぇるでぃなんど,人名,原神/キャラクター
ジェローニ,じぇろーに,人名,原神/キャラクター
ハッド,はっど,人名,原神/キャラクター
ガルビビダム,がるびびだむ,人名,原神/キャラクター
グラーブ,ぐらーぶ,人名,原神/キャラクター
サーチェン,さーちぇん,人名,原神/キャラクター
アラン・ギヨタン,あらん・ぎよたん,人名,原神/キャラクター
ガルシア,がるしあ,人名,原神/キャラクター
メカントル,めかんとる,人名,原神/キャラクター
バビス,ばびす,人名,原神/キャラクター
ダインスレイヴ,だいんすれいゔ,人名,原神/キャラクター
ハールヴダン,はーるゔだん,人名,原神/キャラクター
エルミン,えるみん,人名,原神/キャラクター
ソシー,そしー,人名,原神/キャラクター
ジャルジャー,じゃるじゃー,人名,原神/キャラクター
フェドフ,ふぇどふ,人名,原神/キャラクター
シュリヤ,しゅりや,人名,原神/キャラクター
ヴィナヤック,ゔぃなやっく,人名,原神/キャラクター
シームルグ,しーむるぐ,人名,原神/キャラクター
アリス,ありす,人名,原神/キャラクター
バーべロス,ばーべろす,人名,原神/キャラクター
I・イヴァノヴナ・N,I・いゔぁのゔな・N,人名,原神/キャラクター
アンデシュドッテル,あんでしゅどってる,人名,原神/キャラクター
サイリュス / ジュライセン,さいりゅす / じゅらいせん,人名,原神/キャラクター
アデリン,あでりん,人名,原神/キャラクター
ヘルター,へるたー,人名,原神/キャラクター
マーガレット,まーがれっと,人名,原神/キャラクター
ドゥラフ・カッツェレイン,どぅらふ・かっつぇれいん,人名,原神/キャラクター
ホフマン・シュミット,ほふまん・しゅみっと,人名,原神/キャラクター
マージョリー,まーじょりー,人名,原神/キャラクター
歌塵浪市真君,かじんろういちしんくん,人名,原神/キャラクター
浮舎,ふしゃ,人名,原神/キャラクター
弥怒,みぬ,人名,原神/キャラクター
伐難,ばつなん,人名,原神/キャラクター
応達,おうたつ,人名,原神/キャラクター
卯師匠,うーししょう,人名,原神/キャラクター
鳴海栖霞真君,なるみせいかしんくん,人名,原神/キャラクター
長生,ちょうせい,人名,原神/キャラクター
百聞,ひゃくぶん,人名,原神/キャラクター
百識,,人名,原神/キャラクター
百暁,,人名,原神/キャラクター
シャオユウ,しゃおゆう,人名,原神/キャラクター
長野原龍之介,ながのはらりゅうのすけ,人名,原神/キャラクター
花散里,はなちるさと,人名,原神/キャラクター
グザヴィエ,ぐざゔぃえ,人名,原神/キャラクター
ハイパシア,はいぱしあ,人名,原神/キャラクター
ドニアザード・フーマイ,どにあざーど・ふーまい,人名,原神/キャラクター
セタレ,せたれ,人名,原神/キャラクター
ラフマン,らふまん,人名,原神/キャラクター
カカタ,かかた,人名,原神/キャラクター
アバッドイ,あばっどい,人名,原神/キャラクター
イナヤ,いなや,人名,原神/キャラクター
シェイクズバイル,しぇいくずばいる,人名,原神/キャラクター
ナビヤ,なびや,人名,原神/キャラクター
ハールート,はーるーと,人名,原神/キャラクター
マールート,まーるーと,人名,原神/キャラクター
アーリヤデーバ,あーりやでーば,人名,原神/キャラクター
アレソ,あれそ,人名,原神/キャラクター
エフェンディ,えふぇんでぃ,人名,原神/キャラクター
ジェイド,じぇいど,人名,原神/キャラクター
ジェブライラ,じぇぶらいら,人名,原神/キャラクター
ユフィ,ゆふぃ,人名,原神/キャラクター
ティルザード,てぃるざーど,人名,原神/キャラクター
ブンブン,ぶんぶん,人名,原神/キャラクター
サミエル,さみえる,人名,原神/キャラクター
バベル・タニット,ばべる・たにっと,人名,原神/キャラクター
リルパァール,りるぱぁーる,人名,原神/キャラクター
アザリク,あざりく,人名,原神/キャラクター
アデルフィ,あでるふぃ,人名,原神/キャラクター
ユフトゥン,ゆふとぅん,人名,原神/キャラクター
タッドラー,たっどらー,人名,原神/キャラクター
マシーラ,ましーら,人名,原神/キャラクター
ゾーヤ・シュナイツェフナ,ぞーや・しゅないつぇふな,人名,原神/キャラクター
パーヴェズラヴァン,ぱーゔぇずらゔぁん,人名,原神/キャラクター
フロドラッカー・フランケンシュタイン,ふろどらっかー・ふらんけんしゅたいん,人名,原神/キャラクター
フェリギス,ふぇりぎす,人名,原神/キャラクター
キングデシェレト,きんぐでしぇれと,人名,原神/キャラクター
アフマル,あふまる,人名,原神/キャラクター
アモン,あもん,人名,原神/キャラクター
ヴァルナ,ゔぁるな,人名,原神/キャラクター
アランパカティ,あらんぱかてぃ,人名,原神/キャラクター
アランチャントラ,あらんちゃんとら,人名,原神/キャラクター
アランサカ,あらんさか,人名,原神/キャラクター
アランパス,あらんぱす,人名,原神/キャラクター
アランファラ,あらんふぁら,人名,原神/キャラクター
アランシャクン,あらんしゃくん,人名,原神/キャラクター
ハイヤーム,はいやーむ,人名,原神/キャラクター
イリヤース,いりやーす,人名,原神/キャラクター
シラージ,しらーじ,人名,原神/キャラクター
クセラ,くせら,人名,原神/キャラクター
サッザマン・フーマイ,さっざまん・ふーまい,人名,原神/キャラクター
イドリシ,いどりし,人名,原神/キャラクター
バシャール,ばしゃーる,人名,原神/キャラクター
ティクリッティ,てぃくりってぃ,人名,原神/キャラクター
ミジャール,みじゃーる,人名,原神/キャラクター
メラック,めらっく,人名,原神/キャラクター
ヌール,ぬーる,人名,原神/キャラクター
ズルヴァーン,ずるゔぁーん,人名,原神/キャラクター
ミヒル,みひる,人名,原神/キャラクター
ラシュヌ,らしゅぬ,人名,原神/キャラクター
クリングソル,くりんぐそる,人名,原神/キャラクター
路通,,人名,原神/キャラクター
パンタローネ,ぱんたろーね,人名,原神/キャラクター
ドットーレ,どっとーれ,人名,原神/キャラクター
プルチネッラ,ぷるちねっら,人名,原神/キャラクター
カピターノ,かぴたーの,人名,原神/キャラクター
サンドローネ,さんどろーね,人名,原神/キャラクター
ピエロ,ぴえろ,人名,原神/キャラクター
氷の女皇,こおりのじょこう,人名,原神/キャラクター
エンドラー,えんどらー,人名,原神/キャラクター
柊弘嗣,ひいらぎひろし,人名,原神/キャラクター
ルー,るー,人名,原神/キャラクター
アランハドゥ,あらんはどぅ,人名,原神/キャラクター
ナセジュナ,なせじゅな,人名,原神/キャラクター
ソルシュ,そるしゅ,人名,原神/キャラクター
ナブ・マリカッタ,なぶ・まりかった,人名,原神/キャラクター
龍王,りゅうおう,人名,原神/キャラクター
スパルタクス,すぱるたくす,人名,原神/キャラクター
須婆達の彦,すぱだのひこ,人名,原神/キャラクター
アペプ,あぺぷ,人名,原神/キャラクター
伊達,だて,人名,原神/キャラクター
宮地,みやじ,人名,原神/キャラクター
スタンレー,すたんれー,人名,原神/キャラクター
若紫,わかむらさき,人名,原神/キャラクター
オロバシノミコト,おろばしのみこと,人名,原神/キャラクター
オロバシ,おろばし,人名,原神/キャラクター
アントハー,あんとはー,人名,原神/キャラクター
アナトール,あなとーる,人名,原神/キャラクター
エドウィン・イースティングハウス,えどうぃん・いーすてぃんぐはうす,人名,原神/キャラクター
アルケウム,あるけうむ,人名,原神/キャラクター
左右加,,人名,原神/キャラクター
バルフォア,ばるふぉあ,人名,原神/キャラクター
信風舞姫,,人名,原神/キャラクター
パトリック,ぱとりっく,人名,原神/キャラクター
鶯,うぐいす,人名,原神/キャラクター
嵐姉,あらしねえ,人名,原神/キャラクター
カリベルト,かりべると,人名,原神/キャラクター
花角玉将,はなかどぎょくしょう,人名,原神/キャラクター
赤紅一杵,,人名,原神/キャラクター
範兵衛,,人名,原神/キャラクター
ドヴォルザーク,どゔぉるざーく,人名,原神/キャラクター
コイツハドウダケ,こいつはどうだけ,人名,原神/キャラクター
ハンケツクダシダケ,はんけつくだしだけ,人名,原神/キャラクター
グッドウィン,ぐっどうぃん,人名,原神/キャラクター
旭東,,人名,原神/キャラクター
ジュリー,じゅりー,人名,原神/キャラクター
パルヴァネ,ぱるゔぁね,人名,原神/キャラクター
ヴィクラム,ゔぃくらむ,人名,原神/キャラクター
リファエット,りふぁえっと,人名,原神/キャラクター
エルヒンゲン,えるひんげん,人名,原神/キャラクター
カウトリヤ,かうとりや,人名,原神/キャラクター
ハニヤー,はにやー,人名,原神/キャラクター
ポコポコビーニー,ぽこぽこびーにー,人名,原神/キャラクター
テンテンヨーヨー獣,てんてんよーよーじゅう,人名,原神/キャラクター
百雷遮羅,ひゃくらいしゃら,人名,原神/キャラクター
炎1,ほのおいち,人名,原神/キャラクター
炎1,ほのお1,人名,原神/キャラクター
喜炎,きえん,人名,原神/キャラクター
花神,かしん,人名,原神/キャラクター
アザール,あざーる,人名,原神/キャラクター
ファルカ,ふぁるか,人名,原神/キャラクター
ソラヤー,そらやー,人名,原神/キャラクター
カパッチリ,かぱっちり,人名,原神/キャラクター
アラニ,あらに,人名,原神/キャラクター
アランラキャ,あらんらきゃ,人名,原神/キャラクター
アランロヒタ,あらんろひた,人名,原神/キャラクター
アランダサ,あらんださ,人名,原神/キャラクター
アランナガ,あらんなが,人名,原神/キャラクター
アランナキン,あらんなきん,人名,原神/キャラクター
アランガル,あらんがる,人名,原神/キャラクター
立本,りつほん,人名,原神/キャラクター
ウルマン,うるまん,人名,原神/キャラクター
ガイガックス,がいがっくす,人名,原神/キャラクター
ホッセイニ,ほっせいに,人名,原神/キャラクター
越石丸,,人名,原神/キャラクター
フェリックス・ユーグ,ふぇりっくす・ゆーぐ,人名,原神/キャラクター
バートランド,ばーとらんど,人名,原神/キャラクター
ナザファリン,なざふぁりん,人名,原神/キャラクター
影狼丸,かげろうまる,人名,原神/キャラクター
式大将,しきだいしょう,人名,原神/キャラクター
ドド大魔王,どどだいまおう,人名,原神/キャラクター
ラナ,らな,人名,原神/キャラクター
アランラナ,あらんらな,人名,原神/キャラクター
アランマ,あらんま,人名,原神/キャラクター
アランラジャ,あらんらじゃ,人名,原神/キャラクター
アランナクラ,あらんなくら,人名,原神/キャラクター
アランコンティ,あらんこんてぃ,人名,原神/キャラクター
アランバリカ,あらんばりか,人名,原神/キャラクター
アランパンドゥ,あらんぱんどぅ,人名,原神/キャラクター
アランカラ,あらんから,人名,原神/キャラクター
アランムフクンダ,あらんむふくんだ,人名,原神/キャラクター
アランダーシャ,あらんだーしゃ,人名,原神/キャラクター
イロック,いろっく,人名,原神/キャラクター
ツァレーヴィチ,つぁれーゔぃち,人名,原神/キャラクター
ヘディーヴ・プルシナ,へでぃーゔ・ぷるしな,人名,原神/キャラクター
玄冬林檎,げんどうりんご,人名,原神/キャラクター
百代,ももよ,人名,原神/キャラクター
カジェ,かじぇ,人名,原神/キャラクター
アスファンド,あすふぁんど,人名,原神/キャラクター
ロハウェイ,ろはうぇい,人名,原神/キャラクター
アハンガル,あはんがる,人名,原神/キャラクター
ハジャナド,はじゃなど,人名,原神/キャラクター
パイモン,ぱいもん,人名,原神/キャラクター
天理の調停者,てんりのちょうていしゃ,人名,原神/キャラクター
キャサリン,きゃさりん,人名,原神/キャラクター
ダンディ,だんでぃ,人名,原神/キャラクター
オズ,おず,人名,原神/キャラクター
オズヴァルド・ラフナヴィネス,おずゔぁるど・らふなゔぃねす,人名,原神/キャラクター
ドゥリン,どぅりん,人名,原神/キャラクター
ティマイオス,てぃまいおす,人名,原神/キャラクター
エリン,えりん,人名,原神/キャラクター
ティミー,てぃみー,人名,原神/キャラクター
エラ・マスク,えら・ますく,人名,原神/キャラクター
リヴィングストン博士,,人名,原神/キャラクター
イーディス博士,,人名,原神/キャラクター
うっかりパラド,うっかりぱらど,人名,原神/キャラクター
悩むリリアン,,人名,原神/キャラクター
サイモン・ペッチ / サイモン・ペイジ,さいもん・ぺっち / さいもん・ぺいじ,人名,原神/キャラクター
ヴァネッサ,ゔぁねっさ,人名,原神/キャラクター
ワーグナー,わーぐなー,人名,原神/キャラクター
シュッツ,しゅっつ,人名,原神/キャラクター
ゲーテ,げーて,人名,原神/キャラクター
ジリアンナ,じりあんな,人名,原神/キャラクター
ヴィクトリア,ゔぃくとりあ,人名,原神/キャラクター
ヴィクトル,ゔぃくとる,人名,原神/キャラクター
グローリー,ぐろーりー,人名,原神/キャラクター
星燕,,人名,原神/キャラクター
天おじ,てんおじ,人名,原神/キャラクター
削月築陽真君,さくげつちくようしんくん,人名,原神/キャラクター
理水畳山真君,りすいじょうざんしんくん,人名,原神/キャラクター
留雲借風真君,りゅううんしゃくふうしんくん,人名,原神/キャラクター
グゥオパァー,ぐぅおぱぁー,人名,原神/キャラクター
銅雀,どうじゃく,人名,原神/キャラクター
平安,へいあん,人名,原神/キャラクター
宝児,,人名,原神/キャラクター
帰終,きしゅう,人名,原神/キャラクター
ヘウリア,へうりあ,人名,原神/キャラクター
ヴェル・ゴレット,ゔぇる・ごれっと,人名,原神/キャラクター
淮安,,人名,原神/キャラクター
江雪,,人名,原神/キャラクター
寒鋒,,人名,原神/キャラクター
章,,人名,原神/キャラクター
紀芳,,人名,原神/キャラクター
茶博士劉蘇,,人名,原神/キャラクター
範二,,人名,原神/キャラクター
瑾武,,人名,原神/キャラクター
玥輝,げつき,人名,原神/キャラクター
沐寧,,人名,原神/キャラクター
志璇,しせん,人名,原神/キャラクター
タリエシン,たりえしん,人名,原神/キャラクター
クレイトポン,くれいとぽん,人名,原神/キャラクター
何爺,,人名,原神/キャラクター
アントン・メルニコフ,あんとん・めるにこふ,人名,原神/キャラクター
ティモール,てぃもーる,人名,原神/キャラクター
ダニーラ,だにーら,人名,原神/キャラクター
ラドミール,らどみーる,人名,原神/キャラクター
彦博,,人名,原神/キャラクター
カタリナ,かたりな,人名,原神/キャラクター
ザマラン,ざまらん,人名,原神/キャラクター
戚定,,人名,原神/キャラクター
伯陽,はくよう,人名,原神/キャラクター
丑雄,うしお,人名,原神/キャラクター
眞,まこと,人名,原神/キャラクター
太郎丸,たろうまる,人名,原神/キャラクター
狐斎宮,きつねさいぐう,人名,原神/キャラクター
五百蔵,いおろい,人名,原神/キャラクター
吉法師,,人名,原神/キャラクター
カマ,かま,人名,原神/キャラクター
墨田,すみだ,人名,原神/キャラクター
雷鳥,らいちょう,人名,原神/キャラクター
淵上,えんじょう,人名,原神/キャラクター
亜琉,ある,人名,原神/キャラクター
アブラクサス,あぶらくさす,人名,原神/キャラクター
阿倍良久,あべらく,人名,原神/キャラクター
エレボス,えれぼす,人名,原神/キャラクター
烏帽子,えぼし,人名,原神/キャラクター
哲平,てっぺい,人名,原神/キャラクター
公義,まさのり,人名,原神/キャラクター
創,はじめ,人名,原神/キャラクター
天目十五,あめのまとうご,人名,原神/キャラクター
鯨井坊や,くじらいぼうや,人名,原神/キャラクター
スーザン,すーざん,人名,原神/キャラクター
カルピリア,かるぴりあ,人名,原神/キャラクター
ワヒッド,わひっど,人名,原神/キャラクター
湯雯,,人名,原神/キャラクター
テウセル,てうせる,人名,原神/キャラクター
マル,まる,人名,原神/キャラクター
ウル,うる,人名,原神/キャラクター
御肉丸,おにくまる,人名,原神/キャラクター
パティサラ,ぱてぃさら,人名,原神/キャラクター
アーモンド,あーもんど,人名,原神/キャラクター
シトラス,しとらす,人名,原神/キャラクター
シェーンブルン,しぇーんぶるん,人名,原神/キャラクター
フロベール,ふろべーる,人名,原神/キャラクター
エスタンプ,えすたんぷ,人名,原神/キャラクター
ホレロウ,ほれろう,人名,原神/キャラクター
シメスト,しめすと,人名,原神/キャラクター
サボーン,さぼーん,人名,原神/キャラクター
スーファシュ,すーふぁしゅ,人名,原神/キャラクター
ホイール,ほいーる,人名,原神/キャラクター
積み木衛兵,,人名,原神/キャラクター
ビゼルト,びぜると,人名,原神/キャラクター
モンタナ,もんたな,人名,原神/キャラクター
探偵,,人名,原神/キャラクター
オービック,おーびっく,人名,原神/キャラクター
カペー,かぺー,人名,原神/キャラクター
ポポラーノ,ぽぽらーの,人名,原神/キャラクター
エスノワール,えすのわーる,人名,原神/キャラクター
ローゼル,ろーぜる,人名,原神/キャラクター
ちびドゥリン,ちびでゅりん,人名,原神/キャラクター
クンジュ,くんじゅ,人名,原神/キャラクター
エドガー,えどがー,人名,原神/キャラクター
シルヴァン,しるゔぁん,人名,原神/キャラクター
ルシアン,るしあん,人名,原神/キャラクター
イェレーナ,いぇれーな,人名,原神/キャラクター
キリヤ,きりや,人名,原神/キャラクター
ウーウーブドウ,うーうーぶどう,人名,原神/キャラクター
サロンメンバー,さろんめんばー,人名,原神/キャラクター
ジェントルマン・アッシャー,じぇんとるまん・あっしゃー,人名,原神/キャラクター
シュヴァルマラン婦人,,人名,原神/キャラクター
クラバレッタさん,くらばれったさん,人名,原神/キャラクター
カロレ,かろれ,人名,原神/キャラクター
ヴォートラン,ゔぉーとらん,人名,原神/キャラクター
フェソレ,ふぇそれ,人名,原神/キャラクター
ドゥジェー,どぅじぇー,人名,原神/キャラクター
エイビス,えいびす,人名,原神/キャラクター
バティスト,ばてぃすと,人名,原神/キャラクター
ベロニカ,べろにか,人名,原神/キャラクター
モリス,もりす,人名,原神/キャラクター
ラティシア,らてぃしあ,人名,原神/キャラクター
ユーサー,ゆーさー,人名,原神/キャラクター
シャム,しゃむ,人名,原神/キャラクター
イナーム,いなーむ,人名,原神/キャラクター
オグズ,おぐず,人名,原神/キャラクター
パネース,ぱねーす,人名,原神/キャラクター
原初のあの方,げんしょのあのかた,人名,原神/キャラクター
ロノヴァ,ろのゔぁ,人名,原神/キャラクター
イスタロト,いすたろと,人名,原神/キャラクター
移霄導天真君,いしょうどうてんしんくん,人名,原神/キャラクター
カンナ・カパッチリ,かんな・かぱっちり,人名,原神/キャラクター
シュバランケ,しゅばらんけ,人名,原神/キャラクター
リビアク,りびあく,人名,原神/キャラクター
ケイタ,けいた,人名,原神/キャラクター
アロム,あろむ,人名,原神/キャラクター
エクチュア,えくちゅあ,人名,原神/キャラクター
シパク,しぱく,人名,原神/キャラクター
アゲモ,あげも,人名,原神/キャラクター
チントリ,ちんとり,人名,原神/キャラクター
チアンカ,ちあんか,人名,原神/キャラクター
ヒイア,ひいあ,人名,原神/キャラクター
マンサ,まんさ,人名,原神/キャラクター
ブウナマ,ぶうなま,人名,原神/キャラクター
シヤフ,しやふ,人名,原神/キャラクター
ナマカ,なまか,人名,原神/キャラクター
ソマック,そまっく,人名,原神/キャラクター
ハンペック,はんぺっく,人名,原神/キャラクター
ヤンタサー,やんたさー,人名,原神/キャラクター
カラムル,からむる,人名,原神/キャラクター
カフナ,かふな,人名,原神/キャラクター
ミル・ヌイ,みる・ぬい,人名,原神/キャラクター
パッカ・ヌイ,ぱっか・ぬい,人名,原神/キャラクター
マヒナ・ヌイ,まひな・ぬい,人名,原神/キャラクター
ワケア・ヌイ,わけあ・ぬい,人名,原神/キャラクター
ペレ・ヌイ,ぺれ・ぬい,人名,原神/キャラクター
アンシエタ,あんしえた,人名,原神/キャラクター
アクリャ,あくりゃ,人名,原神/キャラクター
ミチカ,みちか,人名,原神/キャラクター
トゥンダマ,とぅんだま,人名,原神/キャラクター
レグバ,れぐば,人名,原神/キャラクター
ティトゥ,てぃとぅ,人名,原神/キャラクター
荊和,けいわ,人名,原神/キャラクター
タフムーラス,たふむーらす,人名,原神/キャラクター
カウフ,かうふ,人名,原神/キャラクター
アポパロン,あぽぱろん,人名,原神/キャラクター
イクナル,いくなる,人名,原神/キャラクター
オルコ,おるこ,人名,原神/キャラクター
カカママ,かかまま,人名,原神/キャラクター
カズーガ,かずーが,人名,原神/キャラクター
ティアモ,てぃあも,人名,原神/キャラクター
ウクンガ,うくんが,人名,原神/キャラクター
リリウ,りりう,人名,原神/キャラクター
ケウラニ,けうらに,人名,原神/キャラクター
キバンク,きばんく,人名,原神/キャラクター
トゥパック,とぅぱっく,人名,原神/キャラクター
チコヤ,ちこや,人名,原神/キャラクター
ブルキナ,ぶるきな,人名,原神/キャラクター
ラゾーリ,らぞーり,人名,原神/キャラクター
ニエガ,にえが,人名,原神/キャラクター
ニペガ,にぺが,人名,原神/キャラクター
イファ,いふぁ,人名,原神/キャラクター
夜神,,人名,原神/キャラクター
コヨパ,こよぱ,人名,原神/キャラクター
コステリツキー,こすてりつきー,人名,原神/キャラクター
バラノフ,ばらのふ,人名,原神/キャラクター
ゴリコフ,ごりこふ,人名,原神/キャラクター
ヤノフスキー,やのふすきー,人名,原神/キャラクター
タルコ,たるこ,人名,原神/キャラクター
トテク,とてく,人名,原神/キャラクター
ケーナウ,けーなう,人名,原神/キャラクター
クイミ,くいみ,人名,原神/キャラクター
グスレッド,ぐすれっど,人名,原神/キャラクター
サンハジ,さんはじ,人名,原神/キャラクター
メネリク,めねりく,人名,原神/キャラクター
ダーゴ,だーご,人名,原神/キャラクター
コクポン,こくぽん,人名,原神/キャラクター
アールドラー,あーるどらー,人名,原神/キャラクター
ポンプ,ぽんぷ,人名,原神/キャラクター
ヌスタ,ぬすた,人名,原神/キャラクター
ラマン,らまん,人名,原神/キャラクター
オソウェ,おそうぇ,人名,原神/キャラクター
イヨーバ,いよーば,人名,原神/キャラクター
クナック,くなっく,人名,原神/キャラクター
ジェンバー,じぇんばー,人名,原神/キャラクター
チマリ,ちまり,人名,原神/キャラクター
ヤレツィ,やれつぃ,人名,原神/キャラクター
アカマ,あかま,人名,原神/キャラクター
ウランタ,うらんた,人名,原神/キャラクター
スタドゥヒン,すたどぅひん,人名,原神/キャラクター
マズラ,まずら,人名,原神/キャラクター
ネラン,ねらん,人名,原神/キャラクター
トバ,とば,人名,原神/キャラクター
ナザム,なざむ,人名,原神/キャラクター
パカル,ぱかる,人名,原神/キャラクター
ワイナ,わいな,人名,原神/キャラクター
アミナ,あみな,人名,原神/キャラクター
フニ,ふに,人名,原神/キャラクター
山下,やました,人名,原神/キャラクター
トリニダード,とりにだーど,人名,原神/キャラクター
ティアゴ,てぃあご,人名,原神/キャラクター
ポンセ,ぽんせ,人名,原神/キャラクター
コンガマトー,こんがまとー,人名,原神/キャラクター
山の王,やまのおう,人名,原神/キャラクター
ポニニ,ぽにに,人名,原神/キャラクター
ポギギ,ぽぎぎ,人名,原神/キャラクター
ポチチ,ぽちち,人名,原神/キャラクター
ナンナ,なんな,人名,原神/キャラクター
バラム,ばらむ,人名,原神/キャラクター
ラマナイ,らまない,人名,原神/キャラクター
チュニーナ,ちゅにーな,人名,原神/キャラクター
アテア,あてあ,人名,原神/キャラクター
クイク,くいく,人名,原神/キャラクター
ヴィチャマ,ゔぃちゃま,人名,原神/キャラクター
マルコ,まるこ,人名,原神/キャラクター
コモンキ,こもんき,人名,原神/キャラクター
カーリャ,かーりゃ,人名,原神/キャラクター
ヴィランドラ,ゔぃらんどら,人名,原神/キャラクター
コオラウ,こおらう,人名,原神/キャラクター
カウル,かうる,人名,原神/キャラクター
ケエホ,けえほ,人名,原神/キャラクター
ヌウ,ぬう,人名,原神/キャラクター
イミシュ,いみしゅ,人名,原神/キャラクター
チョウエン,ちょうえん,人名,原神/キャラクター
ナディア,なでぃあ,人名,原神/キャラクター
トーニャ,とーにゃ,人名,原神/キャラクター
ヤーリ,やーり,人名,原神/キャラクター
ヴィネズカ,ゔぃねずか,人名,原神/キャラクター
ドニア,どにあ,人名,原神/キャラクター
ガリョボフ,がりょぼふ,人名,原神/キャラクター
ダシュコフ,だしゅこふ,人名,原神/キャラクター
サルヴォフ,さるゔぉふ,人名,原神/キャラクター
キエタ,きえた,人名,原神/キャラクター
グザロフ,ぐざろふ,人名,原神/キャラクター
ルキヤノフ,るきやのふ,人名,原神/キャラクター
ゲリック,げりっく,人名,原神/キャラクター
フルスタリョフ,ふるすたりょふ,人名,原神/キャラクター
ドロホフ,どろほふ,人名,原神/キャラクター
レトワ,れとわ,人名,原神/キャラクター
ジャロビナ,じゃろびな,人名,原神/キャラクター
トミーナ,とみーな,人名,原神/キャラクター
ドゥスタヤ,どぅすたや,人名,原神/キャラクター
イグナトフ,いぐなとふ,人名,原神/キャラクター
ヴァリュヒナ,ゔぁりゅひな,人名,原神/キャラクター
ネジダーノフ,ねじだーのふ,人名,原神/キャラクター
シシキナ,ししきな,人名,原神/キャラクター
ヤルコワ,やるこわ,人名,原神/キャラクター
ゴロヴィン,ごろゔぃん,人名,原神/キャラクター
ゼレズノフ,ぜれずのふ,人名,原神/キャラクター
マイスカヤ,まいすかや,人名,原神/キャラクター
クニャーゼフ,くにゃーぜふ,人名,原神/キャラクター
シャツカヤ,しゃつかや,人名,原神/キャラクター
セルージ,せるーじ,人名,原神/キャラクター
ジェレブゾフ,じぇれぶぞふ,人名,原神/キャラクター
ジナメンスキ,じなめんすき,人名,原神/キャラクター
ゴルシコフ,ごるしこふ,人名,原神/キャラクター
ラズモフスキー,らずもふすきー,人名,原神/キャラクター
レイシティーナ,れいしてぃーな,人名,原神/キャラクター
ドゥゾロフ,どぅぞろふ,人名,原神/キャラクター
スミルノワ,すみるのわ,人名,原神/キャラクター
ヴァジェスカヤ,ゔぁじぇすかや,人名,原神/キャラクター
ヤジコフ,やじこふ,人名,原神/キャラクター
コルサコフ,こるさこふ,人名,原神/キャラクター
プウェイズ,ぷうぇいず,人名,原神/キャラクター
リュバワ,りゅばわ,人名,原神/キャラクター
ネクラソフ,ねくらそふ,人名,原神/キャラクター
マレーヴィチ,まれーゔぃち,人名,原神/キャラクター
ズヴェジナ,ずゔぇじな,人名,原神/キャラクター
メシェルスカヤ,めしぇるすかや,人名,原神/キャラクター
ザレスカヤ,ざれすかや,人名,原神/キャラクター
クリム,くりむ,人名,原神/キャラクター
ジャルカヤ,じゃるかや,人名,原神/キャラクター
デミドフ,でみどふ,人名,原神/キャラクター
ヴェセロフ,ゔぇせろふ,人名,原神/キャラクター
ヤリナ,やりな,人名,原神/キャラクター
イグナート,いぐなーと,人名,原神/キャラクター
ジュラヴリョフ,じゅらゔりょふ,人名,原神/キャラクター
ソボレフ,そぼれふ,人名,原神/キャラクター
ヤロヴィヤ,やろゔぃや,人名,原神/キャラクター
シャホフスカヤ,しゃほふすかや,人名,原神/キャラクター
マリンニーナ,まりんにーな,人名,原神/キャラクター
ロジェンダンスキー,ろじぇんだんすきー,人名,原神/キャラクター
ムヒナ,むひな,人名,原神/キャラクター
ヤコニンスキ,やこにんすき,人名,原神/キャラクター
ヴィローラ,ゔぃろーら,人名,原神/キャラクター
ジゴン,じごん,人名,原神/キャラクター
ジノヴィッチ,じのゔぃっち,人名,原神/キャラクター
ヴォパンスキー,ゔぉぱんすきー,人名,原神/キャラクター
ウヴァロフ,うゔぁろふ,人名,原神/キャラクター
オクチャブリスカヤ,おくちゃぶりすかや,人名,原神/キャラクター
セレーダ,せれーだ,人名,原神/キャラクター
ジンニカ,じんにか,人名,原神/キャラクター
ステパニアン,すてぱにあん,人名,原神/キャラクター
オニキス,おにきす,人名,原神/キャラクター
ペルマンジェ,ぺるまんじぇ,人名,原神/キャラクター
ラセリン,らせりん,人名,原神/キャラクター
ティラ,てぃら,人名,原神/キャラクター
フリーマン,ふりーまん,人名,原神/キャラクター
ガシーク,がしーく,人名,原神/キャラクター
シーマン,しーまん,人名,原神/キャラクター
シュディ,しゅでぃ,人名,原神/キャラクター
ブレック,ぶれっく,人名,原神/キャラクター
ピト,ぴと,人名,原神/キャラクター
ユーヴィル,ゆーゔぃる,人名,原神/キャラクター
ショヌー,しょぬー,人名,原神/キャラクター
デバル,でばる,人名,原神/キャラクター
ナディヤ,なでぃや,人名,原神/キャラクター
トゥガリン,とぅがりん,人名,原神/キャラクター
アクシーニャ,あくしーにゃ,人名,原神/キャラクター
コシチェイ,こしちぇい,人名,原神/キャラクター
アザゼル,あざぜる,人名,原神/キャラクター
ニコライ・パクハン・イズマイール,にこらい・ぱくはん・いずまいーる,人名,原神/キャラクター
ズヴェーリ,ずゔぇーり,人名,原神/キャラクター
イコル,いこる,人名,原神/キャラクター
パヴリナ,ぱゔりな,人名,原神/キャラクター
ドンスコイ,どんすこい,人名,原神/キャラクター
ポロンスキー,ぽろんすきー,人名,原神/キャラクター
シシュキン,ししゅきん,人名,原神/キャラクター
ブルツェフ,ぶるつぇふ,人名,原神/キャラクター
ゾロトワ,ぞろとわ,人名,原神/キャラクター
チェルカースカヤ,ちぇるかーすかや,人名,原神/キャラクター
エルモロフ,えるもろふ,人名,原神/キャラクター
サミルカ,さみるか,人名,原神/キャラクター
グセヴァ,ぐせゔぁ,人名,原神/キャラクター
フォルスカヤ,ふぉるすかや,人名,原神/キャラクター
シャゴワ,しゃごわ,人名,原神/キャラクター
トラペズニコフ,とらぺずにこふ,人名,原神/キャラクター
ジェチュナ,じぇちゅな,人名,原神/キャラクター
サブリナ,さぶりな,人名,原神/キャラクター
ベストロフ,べすとろふ,人名,原神/キャラクター
セレブロフ,せれぶろふ,人名,原神/キャラクター
アクサコフ,あくさこふ,人名,原神/キャラクター
ベルスキー,べるすきー,人名,原神/キャラクター
ボグダナ,ぼぐだな,人名,原神/キャラクター
リュボーフ,りゅぼーふ,人名,原神/キャラクター
マルトス,まるとす,人名,原神/キャラクター
サフォノフ,さふぉのふ,人名,原神/キャラクター
サルティコフ,さるてぃこふ,人名,原神/キャラクター
ネステロワ,ねすてろわ,人名,原神/キャラクター
オクサーナ,おくさーな,人名,原神/キャラクター
ヴォルガスカヤ,ゔぉるがすかや,人名,原神/キャラクター
ミロノワ,みろのわ,人名,原神/キャラクター
アラポフ,あらぽふ,人名,原神/キャラクター
シャロワ,しゃろわ,人名,原神/キャラクター
ナスチャ,なすちゃ,人名,原神/キャラクター
キュウ,きゅう,人名,原神/キャラクター
オーヴェ,おーゔぇ,人名,原神/キャラクター
ルピュイおばさん,るぴゅいおばさん,人名,原神/キャラクター
ザラ,ざら,人名,原神/キャラクター
チュルカトゥーリン,ちゅるかとぅーりん,人名,原神/キャラクター
マルファ,まるふぁ,人名,原神/キャラクター
ソフィヤ,そふぃや,人名,原神/キャラクター
ズメイ,ずめい,人名,原神/キャラクター
イリーナ,いりーな,人名,原神/キャラクター
フセスラヴ,ふせすらゔ,人名,原神/キャラクター
シティン,してぃん,人名,原神/キャラクター
アルカディ,あるかでぃ,人名,原神/キャラクター
ターシア,たーしあ,人名,原神/キャラクター
トルゴフ,とるごふ,人名,原神/キャラクター
ソブレワ,そぶれわ,人名,原神/キャラクター
クリシュ,くりしゅ,人名,原神/キャラクター
ラムパーナ,らむぱーな,人名,原神/キャラクター
シュラム,しゅらむ,人名,原神/キャラクター
チェグノフ,ちぇぐのふ,人名,原神/キャラクター
タシュカ,たしゅか,人名,原神/キャラクター
大喜児,,人名,原神/キャラクター
チチコヴァ,ちちこゔぁ,人名,原神/キャラクター
スフラブ,すふらぶ,人名,原神/キャラクター
梨香,りか,人名,原神/キャラクター
タラリヒン,たらりひん,人名,原神/キャラクター
ファジオ,ふぁじお,人名,原神/キャラクター
マナイア,まないあ,人名,原神/キャラクター
モオ,もお,人名,原神/キャラクター
ニンニン,にんにん,人名,原神/キャラクター
ニンシジア,にんしじあ,人名,原神/キャラクター
クロタマゴ,くろたまご,人名,原神/キャラクター
マーゴ,まーご,人名,原神/キャラクター
イビニベルン,いびにべるん,人名,原神/キャラクター
ニーベルンゲン,にーべるんげん,人名,原神/キャラクター
トゥレーヌ,とぅれーぬ,人名,原神/キャラクター
アンジェニーナ,あんじぇにーな,人名,原神/キャラクター
フェオファン・セルゲイェヴィッチ・ヴェクセル,ふぇおふぁん・せるげいぇゔぃっち・ゔぇくせる,人名,原神/キャラクター
ツァーリ・ベールイ,つぁーり・べーるい,人名,原神/キャラクター
レイモンド,れいもんど,人名,原神/キャラクター
モリッツティル,もりっつてぃる,人名,原神/キャラクター
アドルノ,あどるの,人名,原神/キャラクター
ウルサ,うるさ,人名,原神/キャラクター
テオドール,ておどーる,人名,原神/キャラクター
減7のアルペジオ,,人名,原神/キャラクター
カレヴァ,かれゔぁ,人名,原神/キャラクター
イハンティ,いはんてぃ,人名,原神/キャラクター
シャキール,しゃきーる,人名,原神/キャラクター
ルシュド,るしゅど,人名,原神/キャラクター
フィルナス,ふぃるなす,人名,原神/キャラクター
バラースリー,ばらーすりー,人名,原神/キャラクター
アルキンディ,あるきんでぃ,人名,原神/キャラクター
トート,とーと,人名,原神/キャラクター
ヘリシャフ,へりしゃふ,人名,原神/キャラクター
ソベク,そべく,人名,原神/キャラクター
ベンヌ,べんぬ,人名,原神/キャラクター
シェセプアンク,しぇせぷあんく,人名,原神/キャラクター
カシフ,かしふ,人名,原神/キャラクター
ダネシュヴァル,だねしゅゔぁる,人名,原神/キャラクター
ポップコーン,ぽっぷこーん,人名,原神/キャラクター
団団,たんたん,人名,原神/キャラクター
ドウ大王,どうだいおう,人名,原神/キャラクター
焔,ほむら,人名,原神/キャラクター
レヴィー,れゔぃー,人名,原神/キャラクター
フィロメナ,ふぃろめな,人名,原神/キャラクター
ハンネローレ,はんねろーれ,人名,原神/キャラクター
ゾンパイコ,ぞんぱいこ,人名,原神/キャラクター
イルマリ,いるまり,人名,原神/キャラクター
ヒラーム,ひらーむ,人名,原神/キャラクター
クリエッカ,くりえっか,人名,原神/キャラクター
ドーヴェント,どーゔぇんと,人名,原神/キャラクター
プチ・ルミエール,ぷち・るみえーる,人名,原神/キャラクター
メリエス,めりえす,人名,原神/キャラクター
中野,なかの,人名,原神/キャラクター
小畑,おばた,人名,原神/キャラクター
蔭山,かげやま,人名,原神/キャラクター
海老名権四郎,えびなごんしろう,人名,原神/キャラクター
千世,ちとせ,人名,原神/キャラクター
久利須,くりす,人名,原神/キャラクター
ヴェルナー,ゔぇるなー,人名,原神/キャラクター
慶次郎,けいじろう,人名,原神/キャラクター
山城健太,やましろけんた,人名,原神/キャラクター
楓,かえで,人名,原神/キャラクター
涼子,りょうこ,人名,原神/キャラクター
秋月,しゅうげつ,人名,原神/キャラクター
笹野,ささの,人名,原神/キャラクター
婷婷,,人名,原神/キャラクター
エゴール,えごーる,人名,原神/キャラクター
西西,,人名,原神/キャラクター
カイザー,かいざー,人名,原神/キャラクター
ロベルト,ろべると,人名,原神/キャラクター
千葉,ちば,人名,原神/キャラクター
百合華,ゆりか,人名,原神/キャラクター
小林,こばやし,人名,原神/キャラクター
新之丞,しんのじょう,人名,原神/キャラクター
横山,よこやま,人名,原神/キャラクター
佐々木,ささき,人名,原神/キャラクター
柊千里,ひいらぎちさと,人名,原神/キャラクター
柊慎介,ひいらぎしんすけ,人名,原神/キャラクター
篠塚,しのづか,人名,原神/キャラクター
柴門二郎,さいもんじろう,人名,原神/キャラクター
双葉,ふたば,人名,原神/キャラクター
柴門恵理,さいもんえり,人名,原神/キャラクター
柴門克巳,さいもんかつみ,人名,原神/キャラクター
紺田伝助,こんだでんすけ,人名,原神/キャラクター
今谷三郎,いまたにさぶろう,人名,原神/キャラクター
猛,たけし,人名,原神/キャラクター
手島,てじま,人名,原神/キャラクター
稲城蛍美,いなぎほとみ,人名,原神/キャラクター
山田,やまだ,人名,原神/キャラクター
縁谷紫,,人名,原神/キャラクター
甘楽,かんら,人名,原神/キャラクター
鹿野奈々,かのなな,人名,原神/キャラクター
陸,りく,人名,原神/キャラクター
幸,みゆき,人名,原神/キャラクター
宏達,ひろたつ,人名,原神/キャラクター
平野,ひらの,人名,原神/キャラクター
斑目百兵衛,まだらめひゃくべえ,人名,原神/キャラクター
戸田,とだ,人名,原神/キャラクター
古田,ふるた,人名,原神/キャラクター
春,はる,人名,原神/キャラクター
安田,やすだ,人名,原神/キャラクター
博彦,ひろひこ,人名,原神/キャラクター
三田,さんだ,人名,原神/キャラクター
村上,むらかみ,人名,原神/キャラクター
高美,たかみ,人名,原神/キャラクター
安藤,あんどう,人名,原神/キャラクター
緑,みどり,人名,原神/キャラクター
宏一,こういち,人名,原神/キャラクター
黒澤京之介,くろさわきょうのすけ,人名,原神/キャラクター
竺子,あつこ,人名,原神/キャラクター
満,みちる,人名,原神/キャラクター
曜,よう,人名,原神/キャラクター
西口,にしぐち,人名,原神/キャラクター
山上,やまうえ,人名,原神/キャラクター
徳長,とくなが,人名,原神/キャラクター
木南杏奈,きみなみあんな,人名,原神/キャラクター
龍二,りゅうじ,人名,原神/キャラクター
珊瑚,さんご,人名,原神/キャラクター
土門,どもん,人名,原神/キャラクター
菜々子,ななこ,人名,原神/キャラクター
荒谷,あらたに,人名,原神/キャラクター
黒田,くろだ,人名,原神/キャラクター
順吉,じゅんきち,人名,原神/キャラクター
茂,しげる,人名,原神/キャラクター
天野,あまの,人名,原神/キャラクター
翔太,しょうた,人名,原神/キャラクター
真田,さなだ,人名,原神/キャラクター
葵,あおい,人名,原神/キャラクター
梢,こずえ,人名,原神/キャラクター
平八,へいはち,人名,原神/キャラクター
ラムゼイ,らむぜい,人名,原神/キャラクター
信盛,のぶもり,人名,原神/キャラクター
中西,なかにし,人名,原神/キャラクター
志村勘兵衛,しむらかんべえ,人名,原神/キャラクター
弥生七月,やよいななつき,人名,原神/キャラクター
智樹,ともき,人名,原神/キャラクター
古谷昇,ふるやのぼる,人名,原神/キャラクター
幸雄,ゆきお,人名,原神/キャラクター
柚子,ゆず,人名,原神/キャラクター
梨絵,りえ,人名,原神/キャラクター
松本,まつもと,人名,原神/キャラクター
御輿源一郎,みこしげんいちろう,人名,原神/キャラクター
太田太郎,おおたたろう,人名,原神/キャラクター
小倉澪,おぐらみお,人名,原神/キャラクター
武田,たけだ,人名,原神/キャラクター
佐藤,さとう,人名,原神/キャラクター
上杉,うえすぎ,人名,原神/キャラクター
大和田,おおわだ,人名,原神/キャラクター
九条鎌治,くじょうかまじ,人名,原神/キャラクター
井上,いのうえ,人名,原神/キャラクター
矢田幸喜,やたこうき,人名,原神/キャラクター
渡辺,わたなべ,人名,原神/キャラクター
池田総四郎,いけだそうしろう,人名,原神/キャラクター
御輿源次郎,みこしげんじろう,人名,原神/キャラクター
直江久政,なおえひさまさ,人名,原神/キャラクター
松川宗全,まつかわそうぜん,人名,原神/キャラクター
鷹司朝秀,たかつかさともひで,人名,原神/キャラクター
三河茜,みかわあかね,人名,原神/キャラクター
島政興,しままさおき,人名,原神/キャラクター
朝倉,あさくら,人名,原神/キャラクター
毅,たけし,人名,原神/キャラクター
才蔵,さいぞう,人名,原神/キャラクター
長岡秀満,ながおかひでみつ,人名,原神/キャラクター
卓也,たくや,人名,原神/キャラクター
モーキー,もーきー,人名,原神/キャラクター
エストラーゴン,えすとらーごん,人名,原神/キャラクター
リリアン,りりあん,人名,原神/キャラクター
オータンチェーヴァ,おーたんちぇーゔぁ,人名,原神/キャラクター
アンニーク,あんにーく,人名,原神/キャラクター
べンソム,べんそむ,人名,原神/キャラクター
内田幸太郎,,人名,原神/キャラクター
ゲイナー,げいなー,人名,原神/キャラクター
レオポルディ,れおぽるでぃ,人名,原神/キャラクター
ハーウン,はーうん,人名,原神/キャラクター
ディメトレフ,でぃめとれふ,人名,原神/キャラクター
ガオガイ,がおがい,人名,原神/キャラクター
エーセルハイデ,えーせるはいで,人名,原神/キャラクター
インシーニェ,いんしーにぇ,人名,原神/キャラクター
レッツブルグ,れっつぶるぐ,人名,原神/キャラクター
パトリシア,ぱとりしあ,人名,原神/キャラクター
フィオン,ふぃおん,人名,原神/キャラクター
コッホ,こっほ,人名,原神/キャラクター
ウルスラ,うるすら,人名,原神/キャラクター
エルスタル,えるすたる,人名,原神/キャラクター
ギュンター,ぎゅんたー,人名,原神/キャラクター
リンデマン,りんでまん,人名,原神/キャラクター
マッサーウス,まっさーうす,人名,原神/キャラクター
アンドレアス,あんどれあす,人名,原神/キャラクター
グロウェイ,ぐろうぇい,人名,原神/キャラクター
ロースヴィーシャ,ろーすゔぃーしゃ,人名,原神/キャラクター
楊軫,,人名,原神/キャラクター
フィレース,ふぃれーす,人名,原神/キャラクター
ハヴナー,はゔなー,人名,原神/キャラクター
エローディ,えろーでぃ,人名,原神/キャラクター
ライナス,らいなす,人名,原神/キャラクター
ローゼンシャール,ろーぜんしゃーる,人名,原神/キャラクター
エメーチャ,えめーちゃ,人名,原神/キャラクター
オルドフ,おるどふ,人名,原神/キャラクター
ウィンスロー,うぃんすろー,人名,原神/キャラクター
マーオン,まーおん,人名,原神/キャラクター
レブハルト,れぶはると,人名,原神/キャラクター
ハウプトマン,はうぷとまん,人名,原神/キャラクター
カテリンド,かてりんど,人名,原神/キャラクター
ロムヒルダ,ろむひるだ,人名,原神/キャラクター
ニヒリット,にひりっと,人名,原神/キャラクター
みっちゃん,みっちゃん,人名,原神/キャラクター
デクスター,でくすたー,人名,原神/キャラクター
メランタ,めらんた,人名,原神/キャラクター
イストリア,いすとりあ,人名,原神/キャラクター
ジョセフク,じょせふく,人名,原神/キャラクター
曽我隅田流左近重衡,そがすみだいりゅうさこんしげひら,人名,原神/キャラクター
カスティリオーネ,かすてぃりおーね,人名,原神/キャラクター
アモシワトル,あもしわとる,人名,原神/キャラクター
道子,どうし,人名,原神/キャラクター
狩野,かのう,人名,原神/キャラクター
芳年,よしとし,人名,原神/キャラクター
ボス,ぼす,人名,原神/キャラクター
ヴェニエプ,ゔぇにえぷ,人名,原神/キャラクター
ウィトルウィウス,うぃとるうぃうす,人名,原神/キャラクター
クシャーマ,くしゃーま,人名,原神/キャラクター
カルセリウス,かるせりうす,人名,原神/キャラクター
興邦,おきくに,人名,原神/キャラクター
虞黄衣,,人名,原神/キャラクター
キアウケツァル,きあうけつぁる,人名,原神/キャラクター
ディオティマ,でぃおてぃま,人名,原神/キャラクター
トサリス,とさりす,人名,原神/キャラクター
パルメニデス,ぱるめにです,人名,原神/キャラクター
ヴィンディア,ゔぃんでぃあ,人名,原神/キャラクター
叢沈,,人名,原神/キャラクター
ルミ,るみ,人名,原神/キャラクター
アルズベータ,あるずべーた,人名,原神/キャラクター
ヴォイド,ゔぉいど,人名,原神/キャラクター
ジェスラワ,じぇすらわ,人名,原神/キャラクター
スラヴォミル,すらゔぉみる,人名,原神/キャラクター
イルゼ,いるぜ,人名,原神/キャラクター
イク・トゥルソ,いく・とぅるそ,人名,原神/キャラクター
モコモコ大王花,,人名,原神/キャラクター
ママラ,ままら,人名,原神/キャラクター
レッド・ミラー13世,れっど・みらーじゅうさんせい,人名,原神/キャラクター
クライノ,くらいの,人名,原神/キャラクター
ヘルメス,へるめす,人名,原神/キャラクター
ヴィリアナ,ゔぃりあな,人名,原神/キャラクター
ゴルィニシチェ,ごるぃにしちぇ,人名,原神/キャラクター
エルウィン,えるうぃん,人名,原神/キャラクター
トレス,とれす,人名,原神/キャラクター
ラーヤ,らーや,人名,原神/キャラクター
ネブ,ねぶ,人名,原神/キャラクター
アティ,あてぃ,人名,原神/キャラクター
アシュヴァパティ,あしゅゔぁぱてぃ,人名,原神/キャラクター
ホワイトベリー(人物),,人名,原神/キャラクター
ファスビンダー,ふぁすびんだー,人名,原神/キャラクター
ヴィスラヴァ,ゔぃすらゔぁ,人名,原神/キャラクター
エンクルマ,えんくるま,人名,原神/キャラクター
恭妙,,人名,原神/キャラクター
霍香,,人名,原神/キャラクター
志遥,,人名,原神/キャラクター
豊運,,人名,原神/キャラクター
敦岩,,人名,原神/キャラクター
海鷹,,人名,原神/キャラクター
マリン,まりん,人名,原神/キャラクター
青霆,,人名,原神/キャラクター
あかたましっぽ,あかたましっぽ,人名,原神/キャラクター
ジャック(フォンテーヌ),じゃっく(ふぉんてーぬ),人名,原神/キャラクター
サイリュス,さいりゅす,人名,原神/キャラクター
サンサ,さんさ,人名,原神/キャラクター
ハリー,はりー,人名,原神/キャラクター
フィンド,ふぃんど,人名,原神/キャラクター
ローガー,ろーがー,人名,原神/キャラクター
マーラ,まーら,人名,原神/キャラクター
マーヴィン,まーゔぃん,人名,原神/キャラクター
鋒,,人名,原神/キャラクター
ドゥーラン,どぅーらん,人名,原神/キャラクター
好奇心旺盛なパチ,,人名,原神/キャラクター
クロリス,くろりす,人名,原神/キャラクター
リン,りん,人名,原神/キャラクター
エマート,えまーと,人名,原神/キャラクター
ファニーヤ,ふぁにーや,人名,原神/キャラクター
セージ,せーじ,人名,原神/キャラクター
ローズマリー,ろーずまりー,人名,原神/キャラクター
パスリー,ぱすりー,人名,原神/キャラクター
スワン,すわん,人名,原神/キャラクター
ロレンス,ろれんす,人名,原神/キャラクター
ウルファ,うるふぁ,人名,原神/キャラクター
ムトヴァ,むとゔぁ,人名,原神/キャラクター
ジョーンズ,じょーんず,人名,原神/キャラクター
アーサー,あーさー,人名,原神/キャラクター
ゲイル,げいる,人名,原神/キャラクター
フローラ,ふろーら,人名,原神/キャラクター
ドンナ,どんな,人名,原神/キャラクター
ジョイン,じょいん,人名,原神/キャラクター
マクリ,まくり,人名,原神/キャラクター
七夜由美,ななやゆうみ,人名,原神/キャラクター
伽禄,,人名,原神/キャラクター
アトラ,あとら,人名,原神/キャラクター
ベーレン,べーれん,人名,原神/キャラクター
サラ,さら,人名,原神/キャラクター
ユーリ,ゆーり,人名,原神/キャラクター
ノルマ,のるま,人名,原神/キャラクター
ブランシュ,ぶらんしゅ,人名,原神/キャラクター
エルフィ,えるふぃ,人名,原神/キャラクター
ミハイル,みはいる,人名,原神/キャラクター
リュドミラ,りゅどみら,人名,原神/キャラクター
アナ,あな,人名,原神/キャラクター
アンソニー,あんそにー,人名,原神/キャラクター
ルーク,るーく,人名,原神/キャラクター
ヘルマン,へるまん,人名,原神/キャラクター
アトス,あとす,人名,原神/キャラクター
ポルトス,ぽるとす,人名,原神/キャラクター
ワイラット,わいらっと,人名,原神/キャラクター
ウッド,うっど,人名,原神/キャラクター
ヴァル,ゔぁる,人名,原神/キャラクター
グレイス,ぐれいす,人名,原神/キャラクター
スージー,すーじー,人名,原神/キャラクター
モンロー,もんろー,人名,原神/キャラクター
サイード,さいーど,人名,原神/キャラクター
アラミス,あらみす,人名,原神/キャラクター
アート,あーと,人名,原神/キャラクター
アルバート,あるばーと,人名,原神/キャラクター
マイルズ,まいるず,人名,原神/キャラクター
チャールズ,ちゃーるず,人名,原神/キャラクター
ジョセ,じょせ,人名,原神/キャラクター
クイン,くいん,人名,原神/キャラクター
ヘレン,へれん,人名,原神/キャラクター
ベアトリーチェ,べあとりーちぇ,人名,原神/キャラクター
ニムロド,にむろど,人名,原神/キャラクター
喜児,,人名,原神/キャラクター
石榴,,人名,原神/キャラクター
ジャック(モンド),じゃっく(もんど),人名,原神/キャラクター
ウィル,うぃる,人名,原神/キャラクター
ジル,じる,人名,原神/キャラクター
マイク,まいく,人名,原神/キャラクター
不思議なホプキンス,,人名,原神/キャラクター
フィンチじいさん,ふぃんちじいさん,人名,原神/キャラクター
ヨトゥン,よとぅん,人名,原神/キャラクター
エレン,えれん,人名,原神/キャラクター
オラフ,おらふ,人名,原神/キャラクター
ブロック,ぶろっく,人名,原神/キャラクター
ペペ,ぺぺ,人名,原神/キャラクター
マイワイス,まいわいす,人名,原神/キャラクター
ファオラ,ふぁおら,人名,原神/キャラクター
ワイアット,わいあっと,人名,原神/キャラクター
早足のロス,,人名,原神/キャラクター
アーネスト,あーねすと,人名,原神/キャラクター
コナー,こなー,人名,原神/キャラクター
モコ,もこ,人名,原神/キャラクター
ヘイリー,へいりー,人名,原神/キャラクター
トゥナー,とぅなー,人名,原神/キャラクター
エルザー,えるざー,人名,原神/キャラクター
スティーブンス,すてぃーぶんす,人名,原神/キャラクター
玉霞(ぎょくか),,人名,原神/キャラクター
ハリス,はりす,人名,原神/キャラクター
ジョセフ,じょせふ,人名,原神/キャラクター
ジョエル,じょえる,人名,原神/キャラクター
漢のジャック,,人名,原神/キャラクター
パベル,ぱべる,人名,原神/キャラクター
ジュライセン,じゅらいせん,人名,原神/キャラクター
ルースタン,るーすたん,人名,原神/キャラクター
エレンドリン,えれんどりん,人名,原神/キャラクター
ローランド,ろーらんど,人名,原神/キャラクター
ヴィルタネン,ゔぃるたねん,人名,原神/キャラクター
フィタウタス,ふぃたうたす,人名,原神/キャラクター
イェーガー,いぇーがー,人名,原神/キャラクター
スイカズラ,すいかずら,人名,原神/キャラクター
ヘドウィグ,へどうぃぐ,人名,原神/キャラクター
グランフィディア,ぐらんふぃでぃあ,人名,原神/キャラクター
ホーケンス,ほーけんす,人名,原神/キャラクター
ヴァレリナ,ゔぁれりな,人名,原神/キャラクター
エレーヌ,えれーぬ,人名,原神/キャラクター
ダンクハス,だんくはす,人名,原神/キャラクター
エリシュカ,えりしゅか,人名,原神/キャラクター
志華,,人名,原神/キャラクター
犬三,,人名,原神/キャラクター
霖鈴,りんれい,人名,原神/キャラクター
呉船長,,人名,原神/キャラクター
徳貴,,人名,原神/キャラクター
シニャク,しにゃく,人名,原神/キャラクター
蘇二おば,,人名,原神/キャラクター
フレーキ,ふれーき,人名,原神/キャラクター
ジェリー,じぇりー,人名,原神/キャラクター
快刀陳,,人名,原神/キャラクター
田饒舌,,人名,原神/キャラクター
東昇,とうしょう,人名,原神/キャラクター
山ばあや,やまばあや,人名,原神/キャラクター
阿泰,,人名,原神/キャラクター
ケンシ,けんし,人名,原神/キャラクター
楚儀,そぎ,人名,原神/キャラクター
戟,,人名,原神/キャラクター
牙,,人名,原神/キャラクター
渡し守,わたしもり,人名,原神/キャラクター
イコホティ,いこほてぃ,人名,原神/キャラクター
長順,,人名,原神/キャラクター
一柱,,人名,原神/キャラクター
一弦,,人名,原神/キャラクター
テンテン,てんてん,人名,原神/キャラクター
琳琅,,人名,原神/キャラクター
綺命,,人名,原神/キャラクター
ヴラド,ゔらど,人名,原神/キャラクター
エカテリーナ,えかてりーな,人名,原神/キャラクター
アンドレイ,あんどれい,人名,原神/キャラクター
星希,,人名,原神/キャラクター
阿旭,,人名,原神/キャラクター
璃彩,,人名,原神/キャラクター
月疏,,人名,原神/キャラクター
秀華,,人名,原神/キャラクター
イヴァノヴィチ,いゔぁのゔぃち,人名,原神/キャラクター
博来,,人名,原神/キャラクター
歩雲,,人名,原神/キャラクター
徳安公,,人名,原神/キャラクター
慧心,すいしん,人名,原神/キャラクター
桂,,人名,原神/キャラクター
淑之,,人名,原神/キャラクター
劉じぃ,,人名,原神/キャラクター
直,,人名,原神/キャラクター
朱店主,,人名,原神/キャラクター
デク,でく,人名,原神/キャラクター
若心,,人名,原神/キャラクター
小白,,人名,原神/キャラクター
雲淡,,人名,原神/キャラクター
鬼じぃ,,人名,原神/キャラクター
阿義,,人名,原神/キャラクター
ルーじぃ,るーじぃ,人名,原神/キャラクター
六,,人名,原神/キャラクター
佑,,人名,原神/キャラクター
判官,,人名,原神/キャラクター
周じぃ,,人名,原神/キャラクター
喬おば,きょうおば,人名,原神/キャラクター
鑑秋,かんしゅう,人名,原神/キャラクター
花初,かしょ,人名,原神/キャラクター
惚け者,,人名,原神/キャラクター
青蓮,,人名,原神/キャラクター
グミ,ぐみ,人名,原神/キャラクター
フェイ,ふぇい,人名,原神/キャラクター
大壮,,人名,原神/キャラクター
ヒョウタン,ひょうたん,人名,原神/キャラクター
羽,,人名,原神/キャラクター
毓華,,人名,原神/キャラクター
秦夫人,,人名,原神/キャラクター
輝おぼっちゃん,,人名,原神/キャラクター
茜,,人名,原神/キャラクター
黄衣,,人名,原神/キャラクター
清昼,,人名,原神/キャラクター
甄強,,人名,原神/キャラクター
小月,,人名,原神/キャラクター
芙蓉,,人名,原神/キャラクター
絵星,,人名,原神/キャラクター
銭目,,人名,原神/キャラクター
海龍,,人名,原神/キャラクター
重佐,じゅうさ,人名,原神/キャラクター
鉄塊,てっかい,人名,原神/キャラクター
紫微,,人名,原神/キャラクター
小鳥,ことり,人名,原神/キャラクター
フェルメール,ふぇるめーる,人名,原神/キャラクター
星火,,人名,原神/キャラクター
エコウ,えこう,人名,原神/キャラクター
ロロン,ろろん,人名,原神/キャラクター
アンライフ,あんらいふ,人名,原神/キャラクター
ビョルン,びょるん,人名,原神/キャラクター
エーグル,えーぐる,人名,原神/キャラクター
オラヴィ,おらゔぃ,人名,原神/キャラクター
ヴァカロー,ゔぁかろー,人名,原神/キャラクター
ランタネン,らんたねん,人名,原神/キャラクター
ソロヴィ,そろゔぃ,人名,原神/キャラクター
アリエー,ありえー,人名,原神/キャラクター
アドン,あどん,人名,原神/キャラクター
萍渓,,人名,原神/キャラクター
満目,,人名,原神/キャラクター
バオフェイ,ばおふぇい,人名,原神/キャラクター
聞冀,,人名,原神/キャラクター
桂瀾,,人名,原神/キャラクター
盧香香,ろこうこう,人名,原神/キャラクター
盧じい,ろじい,人名,原神/キャラクター
力くん,りきくん,人名,原神/キャラクター
甘ちゃん,あまちゃん,人名,原神/キャラクター
フロー,ふろー,人名,原神/キャラクター
ヴィルダ,ゔぃるだ,人名,原神/キャラクター
ラウメ,らうめ,人名,原神/キャラクター
グラーニャ,ぐらーにゃ,人名,原神/キャラクター
パシーフ,ぱしーふ,人名,原神/キャラクター
ハイジェード,はいじぇーど,人名,原神/キャラクター
アリーダ,ありーだ,人名,原神/キャラクター
アイルキー,あいるきー,人名,原神/キャラクター
コスキ,こすき,人名,原神/キャラクター
マヒーラ,まひーら,人名,原神/キャラクター
マイヤ,まいや,人名,原神/キャラクター
オスカリ,おすかり,人名,原神/キャラクター
ヤヌシュ,やぬしゅ,人名,原神/キャラクター
アライェーナ,あらいぇーな,人名,原神/キャラクター
カズミッチ,かずみっち,人名,原神/キャラクター
ウリヤーナ,うりやーな,人名,原神/キャラクター
インジャ,いんじゃ,人名,原神/キャラクター
ベレナ,べれな,人名,原神/キャラクター
レヴォーディー,れゔぉーでぃー,人名,原神/キャラクター
ラドシュロー,らどしゅろー,人名,原神/キャラクター
ラウリ,らうり,人名,原神/キャラクター
イヴァル,いゔぁる,人名,原神/キャラクター
ジョアナ,じょあな,人名,原神/キャラクター
パイヴォ,ぱいゔぉ,人名,原神/キャラクター
コフィッツェ,こふぃっつぇ,人名,原神/キャラクター
ガビエッタ,がびえった,人名,原神/キャラクター
ゼナーナ,ぜなーな,人名,原神/キャラクター
マリューシャ,まりゅーしゃ,人名,原神/キャラクター
リュベルツィ,りゅべるつぃ,人名,原神/キャラクター
ヘルーダン,へるーだん,人名,原神/キャラクター
ウォセボール,うぉせぼーる,人名,原神/キャラクター
パトリチェフ,ぱとりちぇふ,人名,原神/キャラクター
ニキータ,にきーた,人名,原神/キャラクター
ヴィンフリート,ゔぃんふりーと,人名,原神/キャラクター
エルミネ,えるみね,人名,原神/キャラクター
アンセム,あんせむ,人名,原神/キャラクター
ローラン,ろーらん,人名,原神/キャラクター
ナニア,なにあ,人名,原神/キャラクター
エックベルト,えっくべると,人名,原神/キャラクター
ライフヘルム,らいふへるむ,人名,原神/キャラクター
ドナタス,どなたす,人名,原神/キャラクター
レッド・ミラー,れっど・みらー,人名,原神/キャラクター
アヴィレリアン,あゔぃれりあん,人名,原神/キャラクター
恒月の女神,ごうげつのめがみ,人名,原神/キャラクター
アリア,ありあ,人名,原神/キャラクター
カノン,かのん,人名,原神/キャラクター
ソネット,そねっと,人名,原神/キャラクター
ニネット,にねっと,人名,原神/キャラクター
アスモダイ,あすもだい,人名,原神/キャラクター
オクタヴィア,おくたゔぃあ,人名,原神/キャラクター
パットン,ぱっとん,人名,原神/キャラクター
フィエテナ,ふぃえてな,人名,原神/キャラクター
タン・イーガン,たん・いーがん,人名,原神/キャラクター
ミニー,みにー,人名,原神/キャラクター
モリッツ,もりっつ,人名,原神/キャラクター
シェリリン,しぇりりん,人名,原神/キャラクター
薫,,人名,原神/キャラクター
ガウ丸,,人名,原神/キャラクター
ザンディク,ざんでぃく,人名,原神/キャラクター
小野寺,おのでら,人名,原神/キャラクター
常九,じょうきゅう,人名,原神/キャラクター
九先生,きゅうせんせい,人名,原神/キャラクター
アンヤ・「マリ」・アンデシュドッテル,あんや・「まり」・あんでしゅどってる,人名,原神/キャラクター
セバス,せばす,人名,原神/キャラクター
ラズマスペス,らずますぺす,人名,原神/キャラクター
ガオラムス,がおらむす,人名,原神/キャラクター
サヤザントゥス,さやざんとぅす,人名,原神/キャラクター
バシマ五世,,人名,原神/キャラクター
タラネ,たらね,人名,原神/キャラクター
ジェル,じぇる,人名,原神/キャラクター
エルミン / イルミン,えるみん / いるみん,人名,原神/キャラクター
イルミンズール,いるみんずーる,人名,原神/キャラクター
ソリンディス,そりんでぃす,人名,原神/キャラクター
トルケル,とるける,人名,原神/キャラクター
ウーロ,うーろ,人名,原神/キャラクター
フレル,ふれる,人名,原神/キャラクター
メイラ,めいら,人名,原神/キャラクター
ラジミール,らじみーる,人名,原神/キャラクター
フェルニア,ふぇるにあ,人名,原神/キャラクター
オゼロフ,おぜろふ,人名,原神/キャラクター
シヌヘ,しぬへ,人名,原神/キャラクター
アンプおじさん,あんぷおじさん,人名,原神/キャラクター
マネト,まねと,人名,原神/キャラクター
カタユン,かたゆん,人名,原神/キャラクター
アリーフ,ありーふ,人名,原神/キャラクター
ニザール,にざーる,人名,原神/キャラクター
コミナ,こみな,人名,原神/キャラクター
クウェク,くうぇく,人名,原神/キャラクター
カチャカチャ軍団,かちゃかちゃぐんだん,人名,原神/キャラクター
カンカン・アマサヒカエメ,かんかん・あまさひかえめ,人名,原神/キャラクター
ビュンビュンスパイ1号,,人名,原神/キャラクター
ジェネット,じぇねっと,人名,原神/キャラクター
サリーン,さりーん,人名,原神/キャラクター
ゴウデンティ,ごうでんてぃ,人名,原神/キャラクター
アシッコ,あしっこ,人名,原神/キャラクター
セディル,せでぃる,人名,原神/キャラクター
ユースタチ,ゆーすたち,人名,原神/キャラクター
アザザ・ランボロ,あざざ・らんぼろ,人名,原神/キャラクター
アデナ,あでな,人名,原神/キャラクター
リェカ,りぇか,人名,原神/キャラクター
ヒディンバ,ひでぃんば,人名,原神/キャラクター
ルシーネ,るしーね,人名,原神/キャラクター
スホヴィーク,すほゔぃーく,人名,原神/キャラクター
リチェザ,りちぇざ,人名,原神/キャラクター
ジグルド,じぐるど,人名,原神/キャラクター
プロンニア,ぷろんにあ,人名,原神/キャラクター
小さなロボット,ちいさなろぼっと,人名,原神/キャラクター
ビルギッタ,びるぎった,人名,原神/キャラクター
アンジェア,あんじぇあ,人名,原神/キャラクター
パパール,ぱぱーる,人名,原神/キャラクター
ラディミール,らでぃみーる,人名,原神/キャラクター
アンフィサ,あんふぃさ,人名,原神/キャラクター
オネーゴフ,おねーごふ,人名,原神/キャラクター
ヤーロ,やーろ,人名,原神/キャラクター
ズィナイダ,ずぃないだ,人名,原神/キャラクター
マネッズ,まねっず,人名,原神/キャラクター
ヨルホー,よるほー,人名,原神/キャラクター
レコ,れこ,人名,原神/キャラクター
リーリキ,りーりき,人名,原神/キャラクター
カントール,かんとーる,人名,原神/キャラクター
ゴリツィーナ,ごりつぃーな,人名,原神/キャラクター
リューバ,りゅーば,人名,原神/キャラクター
エレッサ,えれっさ,人名,原神/キャラクター
ウナーヤタ,うなーやた,人名,原神/キャラクター
居簡,,人名,原神/キャラクター
タルノ,たるの,人名,原神/キャラクター
采若,,人名,原神/キャラクター
レストーク,れすとーく,人名,原神/キャラクター
アルシップ,あるしっぷ,人名,原神/キャラクター
リュカ,りゅか,人名,原神/キャラクター
リンプ,りんぷ,人名,原神/キャラクター
ヤロンスキー,やろんすきー,人名,原神/キャラクター
カーチャ,かーちゃ,人名,原神/キャラクター
ミッコ,みっこ,人名,原神/キャラクター
メイジー,めいじー,人名,原神/キャラクター
ユルヴァ,ゆるゔぁ,人名,原神/キャラクター
パブロフ,ぱぶろふ,人名,原神/キャラクター
サビト,さびと,人名,原神/キャラクター
パーヴォ,ぱーゔぉ,人名,原神/キャラクター
デミアン,でみあん,人名,原神/キャラクター
レゼック,れぜっく,人名,原神/キャラクター
クルーチェク,くるーちぇく,人名,原神/キャラクター
アシュル,あしゅる,人名,原神/キャラクター
ヘドウィカ,へどうぃか,人名,原神/キャラクター
オグニェン,おぐにぇん,人名,原神/キャラクター
オイヴァ,おいゔぁ,人名,原神/キャラクター
ウィルミナ,うぃるみな,人名,原神/キャラクター
アールト,あーると,人名,原神/キャラクター
カーシャ,かーしゃ,人名,原神/キャラクター
マイテ,まいて,人名,原神/キャラクター
ヴィーナ,ゔぃーな,人名,原神/キャラクター
アイラ,あいら,人名,原神/キャラクター
ラフタル,らふたる,人名,原神/キャラクター
アンローズ,あんろーず,人名,原神/キャラクター
サライカ,さらいか,人名,原神/キャラクター
レイダ,れいだ,人名,原神/キャラクター
コロード,ころーど,人名,原神/キャラクター
レヴァーニ,れゔぁーに,人名,原神/キャラクター
カプイ,かぷい,人名,原神/キャラクター
カアリナ,かありな,人名,原神/キャラクター
エベリナ,えべりな,人名,原神/キャラクター
クッキア,くっきあ,人名,原神/キャラクター
スーシ,すーし,人名,原神/キャラクター
ヒンツァ,ひんつぁ,人名,原神/キャラクター
カウロ,かうろ,人名,原神/キャラクター
トゥィヤ,とぅぃや,人名,原神/キャラクター
ドブラワ,どぶらわ,人名,原神/キャラクター
モヒーカ,もひーか,人名,原神/キャラクター
サタヤルカ,さたやるか,人名,原神/キャラクター
オンニ,おんに,人名,原神/キャラクター
ラウハ,らうは,人名,原神/キャラクター
コルホネン,こるほねん,人名,原神/キャラクター
スヴォーニ,すゔぉーに,人名,原神/キャラクター
シエチェフ,しえちぇふ,人名,原神/キャラクター
ヴァイノ,ゔぁいの,人名,原神/キャラクター
シスコ,しすこ,人名,原神/キャラクター
ボゼーナ,ぼぜーな,人名,原神/キャラクター
ライリー,らいりー,人名,原神/キャラクター
ドルフィン,どるふぃん,人名,原神/キャラクター
ジェリック・ジェストニン,じぇりっく・じぇすとにん,人名,原神/キャラクター
ダニョーシャ・シェストニン,だにょーしゃ・しぇすとにん,人名,原神/キャラクター
ニェドチカ,にぇどちか,人名,原神/キャラクター
ラスコルニコフ,らすこるにこふ,人名,原神/キャラクター
ヴァンガー,ゔぁんがー,人名,原神/キャラクター
アウニ,あうに,人名,原神/キャラクター
マコラ,まこら,人名,原神/キャラクター
アニツカ,あにつか,人名,原神/キャラクター
ボビック,ぼびっく,人名,原神/キャラクター
アロチカ,あろちか,人名,原神/キャラクター
最後のテノチズトク人,さいごのてのちずとくじん,人名,原神/キャラクター
リライ,りらい,人名,原神/キャラクター
鉄髭,てつひげ,人名,原神/キャラクター
エドラー,えどらー,人名,原神/キャラクター
コーダー,こーだー,人名,原神/キャラクター
ドッダマーニ,どっだまーに,人名,原神/キャラクター
ディーサー,でぃーさー,人名,原神/キャラクター
ロベレ・ペリシア,ろべれ・ぺりしあ,人名,原神/キャラクター
ハンス,はんす,人名,原神/キャラクター
ハンス・アチェボルド,はんす・あちぇぼるど,人名,原神/キャラクター
サンハジ・コンポレ,さんはじ・こんぽれ,人名,原神/キャラクター
リアンカ,りあんか,人名,原神/キャラクター
イキ,いき,人名,原神/キャラクター
ファジェイ,ふぁじぇい,人名,原神/キャラクター
グレブ,ぐれぶ,人名,原神/キャラクター
ヴェリミル,ゔぇりみる,人名,原神/キャラクター
イ・カコツィ・イキスマルワシャ,い・かこつぃ・いきすまるわしゃ,人名,原神/キャラクター
イ・ラクラプフ・チュイブルク,しょこうのかがみ,人名,原神/キャラクター
ミッチリ,みっちり,人名,原神/キャラクター
ウクシャ,うくしゃ,人名,原神/キャラクター
カーネイ,かーねい,人名,原神/キャラクター
ジャカ,じゃか,人名,原神/キャラクター
チャルワ,ちゃるわ,人名,原神/キャラクター
トウツトリ,とうつとり,人名,原神/キャラクター
ラウィア,らうぃあ,人名,原神/キャラクター
マゴホイトル,まごほいとる,人名,原神/キャラクター
ナタバ,なたば,人名,原神/キャラクター
ムトリナ,むとりな,人名,原神/キャラクター
ソパントリ,そぱんとり,人名,原神/キャラクター
ファニエ,ふぁにえ,人名,原神/キャラクター
ツラッパリ,つらっぱり,人名,原神/キャラクター
テクトリ,てくとり,人名,原神/キャラクター
トワハック,とわはっく,人名,原神/キャラクター
ナワトラリ,なわとらり,人名,原神/キャラクター
カシンテ,かしんて,人名,原神/キャラクター
ムウェンダ,むうぇんだ,人名,原神/キャラクター
イパクラ,いぱくら,人名,原神/キャラクター
エルミ,えるみ,人名,原神/キャラクター
アロニ,あろに,人名,原神/キャラクター
マカンニ,まかんに,人名,原神/キャラクター
チャーチュ,ちゃーちゅ,人名,原神/キャラクター
エズリ,えずり,人名,原神/キャラクター
オフディーヤ,おふでぃーや,人名,原神/キャラクター
ヨナ,よな,人名,原神/キャラクター
コザトリー,こざとりー,人名,原神/キャラクター
ソリン,そりん,人名,原神/キャラクター
アルヴォ,あるゔぉ,人名,原神/キャラクター
トキトリ,ときとり,人名,原神/キャラクター
ソルトン,そるとん,人名,原神/キャラクター
イカファ,いかふぁ,人名,原神/キャラクター
モコモコ駄獣保安官,,人名,原神/キャラクター
プコラ,ぷこら,人名,原神/キャラクター
ルラ,るら,人名,原神/キャラクター
テノッチ,てのっち,人名,原神/キャラクター
スンジャタ,すんじゃた,人名,原神/キャラクター
ワンジル,わんじる,人名,原神/キャラクター
ノチティ,のちてぃ,人名,原神/キャラクター
ナナス,ななす,人名,原神/キャラクター
アディエッタ,あでぃえった,人名,原神/キャラクター
アームー,あーむー,人名,原神/キャラクター
卓新,たくしん,人名,原神/キャラクター
エデーニョ,えでーにょ,人名,原神/キャラクター
アシム,あしむ,人名,原神/キャラクター
フイル,ふいる,人名,原神/キャラクター
プサコ,ぷさこ,人名,原神/キャラクター
ヤスラ,やすら,人名,原神/キャラクター
アヴィスラ,あゔぃすら,人名,原神/キャラクター
ウルバン,うるばん,人名,原神/キャラクター
スラーイン,すらーいん,人名,原神/キャラクター
ヴァネーゲム,ゔぁねーげむ,人名,原神/キャラクター
レオーネ,れおーね,人名,原神/キャラクター
アルガリア,あるがりあ,人名,原神/キャラクター
ルノード,るのーど,人名,原神/キャラクター
エロイーズ,えろいーず,人名,原神/キャラクター
サヴァナ,さゔぁな,人名,原神/キャラクター
モニカ,もにか,人名,原神/キャラクター
フィルマン,ふぃるまん,人名,原神/キャラクター
イレイル,いれいる,人名,原神/キャラクター
モデスト,もですと,人名,原神/キャラクター
サヴェリ,さゔぇり,人名,原神/キャラクター
ナベリウス,なべりうす,人名,原神/キャラクター
証城,しょうじょう,人名,原神/キャラクター
刑部小判,ぎょうぶこばん,人名,原神/キャラクター
江村一玄斎,えむらいちげんさい,人名,原神/キャラクター
江村中弥,えむらちゅうや,人名,原神/キャラクター
金井,かない,人名,原神/キャラクター
薄田,すすきだ,人名,原神/キャラクター
海彦,うみひこ,人名,原神/キャラクター
夢魔,むま,人名,原神/キャラクター
クロユメ,くろゆめ,人名,原神/キャラクター
御輿千代,みこしちよ,人名,原神/キャラクター
笹百合,ささゆり,人名,原神/キャラクター
スクフヌーガ,すくふぬーが,人名,原神/キャラクター
ティレル,てぃれる,人名,原神/キャラクター
ハーデン,はーでん,人名,原神/キャラクター
桃都,とうと,人名,原神/キャラクター
擘那,はくな,人名,原神/キャラクター
カクーク,かくーく,人名,原神/キャラクター
クポ・ヌイ,くぽ・ぬい,人名,原神/キャラクター
ムトタ,むとた,人名,原神/キャラクター
ヨピア,よぴあ,人名,原神/キャラクター
ウエリヨ,うえりよ,人名,原神/キャラクター
マトラン,まとらん,人名,原神/キャラクター
アトコ,あとこ,人名,原神/キャラクター
コチッタ,こちった,人名,原神/キャラクター
オコトラン,おことらん,人名,原神/キャラクター
イスカリ,いすかり,人名,原神/キャラクター
クアリー,くありー,人名,原神/キャラクター
ムナイ,むない,人名,原神/キャラクター
アバンディ,あばんでぃ,人名,原神/キャラクター
クスコ,くすこ,人名,原神/キャラクター
アルパ,あるぱ,人名,原神/キャラクター
コリユール,こりゆーる,人名,原神/キャラクター
ジュナン,じゅなん,人名,原神/キャラクター
ムッキ,むっき,人名,原神/キャラクター
ワスカール,わすかーる,人名,原神/キャラクター
ピシカ,ぴしか,人名,原神/キャラクター
コヤ,こや,人名,原神/キャラクター
チメ,ちめ,人名,原神/キャラクター
チンプ,ちんぷ,人名,原神/キャラクター
インカナック,いんかなっく,人名,原神/キャラクター
テパル,てぱる,人名,原神/キャラクター
プマー,ぷまー,人名,原神/キャラクター
ビラム,びらむ,人名,原神/キャラクター
シプ,しぷ,人名,原神/キャラクター
カホロム,かほろむ,人名,原神/キャラクター
トルテック,とるてっく,人名,原神/キャラクター
パラン,ぱらん,人名,原神/キャラクター
テマジョ,てまじょ,人名,原神/キャラクター
リヴァ,りゔぁ,人名,原神/キャラクター
ラミザナ,らみざな,人名,原神/キャラクター
タルカ,たるか,人名,原神/キャラクター
オベロン,おべろん,人名,原神/キャラクター
ポーナ,ぽーな,人名,原神/キャラクター
ココウィク,ここうぃく,人名,原神/キャラクター
コパン,こぱん,人名,原神/キャラクター
オチカン,おちかん,人名,原神/キャラクター
リリウ / リリム,りりう / りりむ,人名,原神/キャラクター
ワシャクラフン・ウバ・カン,わしゃくらふん・うば・かん,人名,原神/キャラクター
イレール,いれーる,人名,原神/キャラクター
イ・クェクシ・ツボロン・ク・レール,い・くぇくし・つぼろん・く・れーる,人名,原神/キャラクター
オロラク,おろらく,人名,原神/キャラクター
マニフェコ,まにふぇこ,人名,原神/キャラクター
マズカル,まずかる,人名,原神/キャラクター
イカヨ,いかよ,人名,原神/キャラクター
コヨニ,こよに,人名,原神/キャラクター
マニョーヤ,まにょーや,人名,原神/キャラクター
アコミト,あこみと,人名,原神/キャラクター
マターガ,またーが,人名,原神/キャラクター
ヒネ,ひね,人名,原神/キャラクター
ハウミア,はうみあ,人名,原神/キャラクター
アカトル,あかとる,人名,原神/キャラクター
エンテレゴ,えんてれご,人名,原神/キャラクター
マソウ,まそう,人名,原神/キャラクター
モンリュソン,もんりゅそん,人名,原神/キャラクター
グルドック,ぐるどっく,人名,原神/キャラクター
アリエ,ありえ,人名,原神/キャラクター
アイワスティ,あいわすてぃ,人名,原神/キャラクター
ベスーチ,べすーち,人名,原神/キャラクター
チョガン,ちょがん,人名,原神/キャラクター
ウィツィリン,うぃつぃりん,人名,原神/キャラクター
オティラ,おてぃら,人名,原神/キャラクター
トラポ,とらぽ,人名,原神/キャラクター
ミント大福,,人名,原神/キャラクター
トナカ,となか,人名,原神/キャラクター
ウルバンバ,うるばんば,人名,原神/キャラクター
ナナカ,ななか,人名,原神/キャラクター
ユーロ,ゆーろ,人名,原神/キャラクター
ワージ,わーじ,人名,原神/キャラクター
パファ,ぱふぁ,人名,原神/キャラクター
テコマ,てこま,人名,原神/キャラクター
カプリン,かぷりん,人名,原神/キャラクター
アトリー,あとりー,人名,原神/キャラクター
マサ,まさ,人名,原神/キャラクター
マカコ,まかこ,人名,原神/キャラクター
ソナ,そな,人名,原神/キャラクター
ワナナ,わなな,人名,原神/キャラクター
クリマナ,くりまな,人名,原神/キャラクター
キノコの賢主,,人名,原神/キャラクター
マッシュワタリィ,まっしゅわたりぃ,人名,原神/キャラクター
アスム,あすむ,人名,原神/キャラクター
フッズィヤ,ふっずぃや,人名,原神/キャラクター
アムナ,あむな,人名,原神/キャラクター
ビフロンス,びふろんす,人名,原神/キャラクター
チャトラカ,ちゃとらか,人名,原神/キャラクター
マハン,まはん,人名,原神/キャラクター
ユルフ,ゆるふ,人名,原神/キャラクター
リナシャ,りなしゃ,人名,原神/キャラクター
イイマニ,いいまに,人名,原神/キャラクター
スリキ,すりき,人名,原神/キャラクター
キモシー,きもしー,人名,原神/キャラクター
ニザヤ,にざや,人名,原神/キャラクター
秘源の龍従,,人名,原神/キャラクター
エカトル,えかとる,人名,原神/キャラクター
アマル,あまる,人名,原神/キャラクター
シウコアトル,しうこあとる,人名,原神/キャラクター
ククルカン,くくるかん,人名,原神/キャラクター
盗炎の賢者,,人名,原神/キャラクター
ユーちゃん,ゆーちゃん,人名,原神/キャラクター
メツカーラ,めつかーら,人名,原神/キャラクター
ストゥーラ,すとぅーら,人名,原神/キャラクター
カンタル,かんたる,人名,原神/キャラクター
ウルリーケ,うるりーけ,人名,原神/キャラクター
ダルビッシュ,だるびっしゅ,人名,原神/キャラクター
アターシェ,あたーしぇ,人名,原神/キャラクター
ファダウェイ,ふぁだうぇい,人名,原神/キャラクター
ナンポール,なんぽーる,人名,原神/キャラクター
バノルカックス,ばのるかっくす,人名,原神/キャラクター
チャハル,ちゃはる,人名,原神/キャラクター
カナカ,かなか,人名,原神/キャラクター
アルジャントー,あるじゃんとー,人名,原神/キャラクター
アングルヴァン,あんぐるゔぁん,人名,原神/キャラクター
スカーレット,すかーれっと,人名,原神/キャラクター
レピーヌ・ポーリーン,れぴーぬ・ぽーりーん,人名,原神/キャラクター
ジュリア・ドストレ,じゅりあ・どすとれ,人名,原神/キャラクター
レスコー・ドストレ,れすこー・どすとれ,人名,原神/キャラクター
藍川丞,あいかわすすむ,人名,原神/キャラクター
柴葉紫,しばむらさき,人名,原神/キャラクター
百日白白音,ひゃくじつはくしおん,人名,原神/キャラクター
クエニン,くえにん,人名,原神/キャラクター
ルーシー,るーしー,人名,原神/キャラクター
エンポゾ,えんぽぞ,人名,原神/キャラクター
デュータ,でゅーた,人名,原神/キャラクター
ロント,ろんと,人名,原神/キャラクター
ナパ,なぱ,人名,原神/キャラクター
チピッツ,ちぴっつ,人名,原神/キャラクター
ヨカ,よか,人名,原神/キャラクター
ショクトリ,しょくとり,人名,原神/キャラクター
ミレイ,みれい,人名,原神/キャラクター
ナイヤン,ないやん,人名,原神/キャラクター
アントゥ,あんとぅ,人名,原神/キャラクター
イマル,いまる,人名,原神/キャラクター
二重身,にじゅうしん,人名,原神/キャラクター
金閣,きんかく,人名,原神/キャラクター
銀閣,ぎんかく,人名,原神/キャラクター
鉄之助,てつのすけ,人名,原神/キャラクター
朱赤引火冥蝶,しゅせきいんかめいちょう,人名,原神/キャラクター
銀翎翦玉玄鳥,ぎんりょうせんぎょくげんちょう,人名,原神/キャラクター
金目乗黄月駒,きんもくじょうおうげっく,人名,原神/キャラクター
瓢箪真人,ひょうたんしんじん,人名,原神/キャラクター
鑑真人,かがみしんじん,人名,原神/キャラクター
雲来釣爺,うんらいちょうや,人名,原神/キャラクター
無妄童子 / 無妄の翁,むぼうどうじ / むぼうのおきな,人名,原神/キャラクター
万象風角霊官,ばんしょうふうかくれんかん,人名,原神/キャラクター
谷中,たになか,人名,原神/キャラクター
一つ目小僧,ひとつめこぞう,人名,原神/キャラクター
河童,かっぱ,人名,原神/キャラクター
妖狐,ようこ,人名,原神/キャラクター
