さみしい場所,さみしいばしょ,地名その他,原神/地名/フォンテーヌ
とてもあったかい場所,とてもあったかいばしょ,地名その他,原神/地名/フォンテーヌ
とても明るい場所,とてもあかるいばしょ,地名その他,原神/地名/フォンテーヌ
色褪せた城,いろあせたしろ,地名その他,原神/地名/フォンテーヌ
ヤヌスの門,やぬすのもん,地名その他,原神/地名/フォンテーヌ
ホルトゥス・ユーゲレティス,ほるとぅす・ゆーげれてぃす,地名その他,原神/地名/フォンテーヌ
アルタ・セミタ,あるた・せみた,地名その他,原神/地名/フォンテーヌ
アピトリヌス山,あぴとりぬすさん,地名その他,原神/地名/フォンテーヌ
諧律院,かいりついん,地名その他,原神/地名/フォンテーヌ
モルテ地区,もるてちく,地名その他,原神/地名/フォンテーヌ
エリニュス山林地区,えりにゅすさんりんちく,地名その他,原神/地名/フォンテーヌ
イースト・エスス山麓,いーすと・えすすさんろく,地名その他,原神/地名/フォンテーヌ
ウラニア湖,うらにあこ,地名その他,原神/地名/フォンテーヌ
湖中のウィーピングウィロー,こちゅうのうぃーぴんぐうぃろー,地名その他,原神/地名/フォンテーヌ
霧の幽林道,きりのゆうりんどう,地名その他,原神/地名/フォンテーヌ
ルミドゥースハーバー,るみどぅーすはーばー,地名その他,原神/地名/フォンテーヌ
カリュブディス砦跡,かりぶでぃすとりであと,地名その他,原神/地名/フォンテーヌ
イースト・オトンヌキ,いーすと・おとんぬき,地名その他,原神/地名/フォンテーヌ
イプシシマスの塔,いぷししますのとう,地名その他,原神/地名/フォンテーヌ
リフィー地区,りふぃーちく,地名その他,原神/地名/フォンテーヌ
フォンテーヌ運動エネルギー工学科学研究院地区,ふぉんてーぬうんどうえねるぎーこうがくかがくけんきゅういんちく,地名その他,原神/地名/フォンテーヌ
万水の源・グレート・フォンテーヌ・レイク,ばんすいのみなもと・ぐれーと・ふぉんてーぬ・れいく,地名その他,原神/地名/フォンテーヌ
モン・オトンヌキ,もん・おとんぬき,地名その他,原神/地名/フォンテーヌ
出会えてうれしい,であえてうれしい,地名その他,原神/地名/フォンテーヌ
自然哲学学院,しぜんてつがくがくいん,地名その他,原神/地名/フォンテーヌ
安眠の地,あんみんのち,地名その他,原神/地名/フォンテーヌ
エリナス,えりなす,地名その他,原神/地名/フォンテーヌ
廷地区アクアロード・ターミナル,ていちくあくあろーど・たーみなる,地名その他,原神/地名/フォンテーヌ
ヴァザーリ回廊,ゔぁざーりかいろう,地名その他,原神/地名/フォンテーヌ
リヨンエリア,りよんえりあ,地名その他,原神/地名/フォンテーヌ
ナルボンヌエリア,なるぼんぬえりあ,地名その他,原神/地名/フォンテーヌ
ポート・マルコット,ぽーと・まるこっと,地名その他,原神/地名/フォンテーヌ
ルキナの泉,るきなのいずみ,地名その他,原神/地名/フォンテーヌ
エルトン海溝,えるとんかいこう,地名その他,原神/地名/フォンテーヌ
希望の道,きぼうのみち,地名その他,原神/地名/フォンテーヌ
ウェスト・オトンヌキ,うぇすと・おとんぬき,地名その他,原神/地名/フォンテーヌ
ポワソントンネル,ぽわそんとんねる,地名その他,原神/地名/フォンテーヌ
ロマリタイムハーバー,ろまりたいむはーばー,地名その他,原神/地名/フォンテーヌ
シュヴァルマラン映影ランド,しゅゔぁるまらんえいえいらんど,地名その他,原神/地名/フォンテーヌ
