古月の嵐研究所,こげつのあらしけんきゅうじょ,地名その他,原神/地名/ナド・クライ
イビニベルンの目,いびにべるんのめ,地名その他,原神/地名/ナド・クライ
旅人の大陥没地,たびびとのくれーたー,地名その他,原神/地名/ナド・クライ
ウージエン生態圏,うーじえんせいたいけん,地名その他,原神/地名/ナド・クライ
幕状黒色物質収容実験室,,地名その他,原神/地名/ナド・クライ
遊月の海,ゆうげつのうみ,地名その他,原神/地名/ナド・クライ
集いの場・魔女の楽園,つどいのば・まじょのらくえん,地名その他,原神/地名/ナド・クライ
エンブラの柱,えんぶらのはしら,地名その他,原神/地名/ナド・クライ
ケーレスの翼,けーれすのつばさ,地名その他,原神/地名/ナド・クライ
クリフサイド・キャンプ,くりふさいど・きゃんぷ,地名その他,原神/地名/ナド・クライ
アームスヴァルトニル湖,あーむすゔぁるとにるこ,地名その他,原神/地名/ナド・クライ
キプマキの崖,きぷまきのがけ,地名その他,原神/地名/ナド・クライ
北の港,きたのみなと,地名その他,原神/地名/ナド・クライ
クリムゾン・ソルトマーシュ,くりむぞん・そるとまーしゅ,地名その他,原神/地名/ナド・クライ
南の港,みなみのみなと,地名その他,原神/地名/ナド・クライ
浴光の大地,よっこうのだいち,地名その他,原神/地名/ナド・クライ
カニの主の宮殿,かにのあるじのきゅうでん,地名その他,原神/地名/ナド・クライ
グレートサンダーリーフ,ぐれーとさんだーりーふ,地名その他,原神/地名/ナド・クライ
空寂の回廊,くうじゃくのかいろう,地名その他,原神/地名/ナド・クライ
青い琥珀,あおいこはく,地名その他,原神/地名/ナド・クライ
ケラティの眼,けらてぃのめ,地名その他,原神/地名/ナド・クライ
