偽りの樹脂,いつわりのじゅし,名詞,原神/アイテム/ボスドロップ
歪曲した枯れ枝,わいきょくしたかれえだ,名詞,原神/アイテム/ボスドロップ
冒涜の新芽,ぼうとくのしんめ,名詞,原神/アイテム/ボスドロップ
堕天の羽,だてんのはね,名詞,原神/アイテム/ボスドロップ
異端の薬瓶,いたんのやくびん,名詞,原神/アイテム/ボスドロップ
賢医の仮面,けんいのかめん,名詞,原神/アイテム/ボスドロップ
狂人の誓約,きょうじんのせいやく,名詞,原神/アイテム/ボスドロップ
軍用循環式クーヴィキコア,ぐんようじゅんかんしきくーゔぃきこあ,名詞,原神/アイテム/ボスドロップ
万照の輝角,まんしょうのきかく,名詞,原神/アイテム/ボスドロップ
精密クーヴァキダック金型,せいみつくーゔぁきだっくかながた,名詞,原神/アイテム/ボスドロップ
採光の鱗羽,さいこうのりんう,名詞,原神/アイテム/ボスドロップ
秘源の蓄圧機,ひげんのちくあつき,名詞,原神/アイテム/ボスドロップ
昇揚のサンプル「ナイト」,しょうようのさんぷるないと,名詞,原神/アイテム/ボスドロップ
昇揚のサンプル「王族」,しょうようのさんぷるおうぞく,名詞,原神/アイテム/ボスドロップ
昇揚のサンプル「ルーク」,しょうようのさんぷるるーく,名詞,原神/アイテム/ボスドロップ
深遠と絡み合う眼差し,しんえんとからみあうまなざし,名詞,原神/アイテム/ボスドロップ
謎土の護符,めいどのごふ,名詞,原神/アイテム/ボスドロップ
蝕滅の焔角,しょくめつのえんかく,名詞,原神/アイテム/ボスドロップ
蝕滅の陽炎,しょくめつのかげろう,名詞,原神/アイテム/ボスドロップ
蝕滅の羽鱗,しょくめつのうりん,名詞,原神/アイテム/ボスドロップ
龍像の無智なるコア,りゅうぞうのむちなるこあ,名詞,原神/アイテム/ボスドロップ
