幻光の屑,げんこうのくず,名詞,原神/アイテム/ドロップ
幻光の裂晶,げんこうのれっしょう,名詞,原神/アイテム/ドロップ
幻光の晶鱗石,げんこうのしょうりんせき,名詞,原神/アイテム/ドロップ
合成獣のコア,ごうせいじゅうのこあ,名詞,原神/アイテム/ドロップ
合成獣の共生コア,,名詞,原神/アイテム/ドロップ
合成獣の原生結合コア,,名詞,原神/アイテム/ドロップ
欠損した月の鉄,けっそんしたつきのてつ,名詞,原神/アイテム/ドロップ
劣化した月の鉄,れっかしたつきのてつ,名詞,原神/アイテム/ドロップ
穢れなき月の鉄,けがれなきつきのてつ,名詞,原神/アイテム/ドロップ
生命の虚ろな根,せいめいのうつろなね,名詞,原神/アイテム/ドロップ
沈積片,,名詞,原神/アイテム/ドロップ
沈積結塊,,名詞,原神/アイテム/ドロップ
沈積増生物,,名詞,原神/アイテム/ドロップ
悪夢の枯骸,あくむのかれむ,名詞,原神/アイテム/ドロップ
稜光の断尾,りょうこうのたんび,名詞,原神/アイテム/ドロップ
破損した駆動軸,はそんしたくどうじく,名詞,原神/アイテム/ドロップ
強固な駆動軸,きょうこなくどうじく,名詞,原神/アイテム/ドロップ
精巧な駆動軸,せいこうなくどうじく,名詞,原神/アイテム/ドロップ
破損した徽章,はそんしたきしょう,名詞,原神/アイテム/ドロップ
精巧な徽章,せいこうなきしょう,名詞,原神/アイテム/ドロップ
霜刻の徽章,そうこくのきしょう,名詞,原神/アイテム/ドロップ
霜夜の残光,そうやのざんこう,名詞,原神/アイテム/ドロップ
霜夜の柔光,そうやのにゅうこう,名詞,原神/アイテム/ドロップ
霜夜の栄華,そうやのえいが,名詞,原神/アイテム/ドロップ
失光の骨片,しっこうのこっぺん,名詞,原神/アイテム/ドロップ
淡光の遺骨,たんこうのいこつ,名詞,原神/アイテム/ドロップ
輝光の外殻,きこうのがいかく,名詞,原神/アイテム/ドロップ
暗き霧の欠片,くらききりのかけら,名詞,原神/アイテム/ドロップ
暗き霧の鎧,くらききりのよろい,名詞,原神/アイテム/ドロップ
暗き霧の兜,くらききりのかぶと,名詞,原神/アイテム/ドロップ
折光の胚芽,,名詞,原神/アイテム/ドロップ
誘光の広葉,,名詞,原神/アイテム/ドロップ
光惑う渦葉のコア,,名詞,原神/アイテム/ドロップ
冷えた鱗甲の欠片,ひえたりんこうのけっぺん,名詞,原神/アイテム/ドロップ
熱を秘めた鱗甲,ねつをひめたりんこう,名詞,原神/アイテム/ドロップ
燃える鱗甲のプリズム,もえるりんこうのぷりずむ,名詞,原神/アイテム/ドロップ
