炎中不滅の枝,えんちゅうふめつのえだ,名詞,原神/アイテム/特産品
フロストフラワー,ふろすとふらわー,名詞,原神/アイテム/特産品
フロック草,ふろっくそう,名詞,原神/アイテム/特産品
ザラトイアリャーク,ざらといありゃーく,名詞,原神/アイテム/特産品
アイススグリ,あいすすぐり,名詞,原神/アイテム/特産品
雪玉花,,名詞,原神/アイテム/特産品
ビーツ,びーつ,名詞,原神/アイテム/特産品
グレイシアの実,ぐれいしあのみ,名詞,原神/アイテム/特産品
フェザーモス,ふぇざーもす,名詞,原神/アイテム/特産品
ヴィンテル草,ゔぃんてるそう,名詞,原神/アイテム/特産品
琥珀香,こはくこう,名詞,原神/アイテム/特産品
携帯型ベアリング,けいたいがたべありんぐ,名詞,原神/アイテム/特産品
フロストランプ,ふろすとらんぷ,名詞,原神/アイテム/特産品
月落銀,げつらくぎん,名詞,原神/アイテム/特産品
霓裳花,げいしょうばな,名詞,原神/アイテム/特産品
石珀,せきはく,名詞,原神/アイテム/特産品
血石華,,名詞,原神/アイテム/特産品
ユウトウタケ,ゆうとうたけ,名詞,原神/アイテム/特産品
地域の特産,ちいきのとくさん,名詞,原神/アイテム/特産品
ドドリアン,どどりあん,名詞,原神/アイテム/特産品
セシリアの花,せしりあのはな,名詞,原神/アイテム/特産品
蒲公英の種,たんぽぽのたね,名詞,原神/アイテム/特産品
慕風のマッシュルーム,ぼふうのまっしゅるーむ,名詞,原神/アイテム/特産品
イグサ,いぐさ,名詞,原神/アイテム/特産品
ヴァルベリー,ゔぁるべりー,名詞,原神/アイテム/特産品
風車アスター,ふうしゃあすたー,名詞,原神/アイテム/特産品
ググプラム,ぐぐぷらむ,名詞,原神/アイテム/特産品
瑠璃百合,るりゆり,名詞,原神/アイテム/特産品
清心,せいしん,名詞,原神/アイテム/特産品
瑠璃袋,るりぶくろ,名詞,原神/アイテム/特産品
絶雲の唐辛子,ぜつうんのとうがらし,名詞,原神/アイテム/特産品
夜泊石,よどまりいし,名詞,原神/アイテム/特産品
星螺,せいら,名詞,原神/アイテム/特産品
ウミレイシ,うみれいし,名詞,原神/アイテム/特産品
緋櫻毬,ひおうきゅう,名詞,原神/アイテム/特産品
鳴草,なぐさ,名詞,原神/アイテム/特産品
赤蕊,,名詞,原神/アイテム/特産品
晶化骨髄,しょうかこつずい,名詞,原神/アイテム/特産品
天雲草の実,あまくもくさのみ,名詞,原神/アイテム/特産品
珊瑚真珠,さんごしんじゅ,名詞,原神/アイテム/特産品
カルパラタ蓮,かるぱらたはす,名詞,原神/アイテム/特産品
サウマラタ蓮,さうまらたはす,名詞,原神/アイテム/特産品
ルッカデヴァータダケ,るっかでゔぁーただけ,名詞,原神/アイテム/特産品
赤念の実,,名詞,原神/アイテム/特産品
砂脂蛹,,名詞,原神/アイテム/特産品
悼霊花,,名詞,原神/アイテム/特産品
サングイト,さんぐいと,名詞,原神/アイテム/特産品
レインボーローズ,れいんぼーろーず,名詞,原神/アイテム/特産品
ルミドゥースベル,るみどぅーすべる,名詞,原神/アイテム/特産品
ロマリタイムフラワー,ろまりたいむふらわー,名詞,原神/アイテム/特産品
蒼晶螺,,名詞,原神/アイテム/特産品
探測ユニット・子機,たんそくゆにっと・こき,名詞,原神/アイテム/特産品
ルエトワール,るえとわーる,名詞,原神/アイテム/特産品
湖光の鈴蘭,ここうのすずらん,名詞,原神/アイテム/特産品
初露の源,はつつゆのみなもと,名詞,原神/アイテム/特産品
波しぶきのエラ,なみしぶきのえら,名詞,原神/アイテム/特産品
ケネパベリー,けねぱべりー,名詞,原神/アイテム/特産品
サウリアンサキュレント,さうりあんさきゅれんと,名詞,原神/アイテム/特産品
シャクギク,しゃくぎく,名詞,原神/アイテム/特産品
枯れ紫菖,かれししょう,名詞,原神/アイテム/特産品
蛍光ツノキノコ,けいこうつのきのこ,名詞,原神/アイテム/特産品
琉鱗石,りゅうりんせき,名詞,原神/アイテム/特産品
岩裂の花,がんれつのはな,名詞,原神/アイテム/特産品
