蒼星軍勢の始動,そうせいぐんせいのしどう,名詞,原神/アイテム/武器素材
蒼星軍勢の集結,そうせいぐんせいのしゅうけつ,名詞,原神/アイテム/武器素材
蒼星軍勢の鳴令,そうせいぐんせいのめいれい,名詞,原神/アイテム/武器素材
蒼星軍勢の征服,そうせいぐんせいのせいふく,名詞,原神/アイテム/武器素材
蔵に眠る霊薬の酌量,くらにねむるれいやくのしゃくりょう,名詞,原神/アイテム/武器素材
蔵に眠る霊薬の酩酊,くらにねむるれいやくのめいてい,名詞,原神/アイテム/武器素材
蔵に眠る霊薬の高揚,くらにねむるれいやくのこうよう,名詞,原神/アイテム/武器素材
蔵に眠る霊薬の狂宴,くらにねむるれいやくのきょうえん,名詞,原神/アイテム/武器素材
氷の皇帝の復活,こおりのこうていのふっかつ,名詞,原神/アイテム/武器素材
氷の皇帝の祝儀,こおりのこうていのしゅうぎ,名詞,原神/アイテム/武器素材
氷の皇帝の憐憫,こおりのこうていのれんびん,名詞,原神/アイテム/武器素材
氷の皇帝の訣別,こおりのこうていのけつべつ,名詞,原神/アイテム/武器素材
優美なる焔剣の柄,ゆうびなるえんけんのつか,名詞,原神/アイテム/武器素材
半壊した焔剣の柄,はんかいしたえんけんのつか,名詞,原神/アイテム/武器素材
光を失った焔剣の柄,ひかりをうしなったえんけんのつか,名詞,原神/アイテム/武器素材
奇妙な装置の欠片,きみょうなそうちのかけら,名詞,原神/アイテム/武器素材
奇妙な装置の複製,きみょうなそうちのふくせい,名詞,原神/アイテム/武器素材
奇妙な装置の継承,きみょうなそうちのけいしょう,名詞,原神/アイテム/武器素材
奇妙な装置の宿願,きみょうなそうちのしゅくがん,名詞,原神/アイテム/武器素材
長夜の灯火の余燼,ちょうやのともしびのよじん / ながよのともしびのよじん,名詞,原神/アイテム/武器素材
長夜の灯火の残照,ちょうやのともしびのざんしょう / ながよのともしびのざんしょう,名詞,原神/アイテム/武器素材
長夜の灯火の紫炎,ちょうやのともしびのしえん / ながよのともしびのしえん,名詞,原神/アイテム/武器素材
長夜の灯火の輝光,ちょうやのともしびのきこう / ながよのともしびのきこう,名詞,原神/アイテム/武器素材
極北の末裔の零落,きょくほくのまつえいのれいらく,名詞,原神/アイテム/武器素材
極北の末裔の妄執,きょくほくのまつえいのもうしゅう,名詞,原神/アイテム/武器素材
極北の末裔の奉献,きょくほくのまつえいのほうけん,名詞,原神/アイテム/武器素材
極北の末裔の煌光,きょくほくのまつえいのこうこう,名詞,原神/アイテム/武器素材
