フォンテーヌ,ふぉんてーぬ,地名その他,原神/国名
ペトリコール町,ぺとりこーるちょう,地名その他,原神/地名/フォンテーヌ
ノストイ地区,のすといちく,地名その他,原神/地名/フォンテーヌ
往日の海,おうじつのうみ,地名その他,原神/地名/フォンテーヌ
中央実験室跡地,ちゅうおうじっけんしつあとち,地名その他,原神/地名/フォンテーヌ
新フォンテーヌ科学院,しんふぉんてーぬかがくいん,地名その他,原神/地名/フォンテーヌ
メロピデ要塞,めろぴでようさい,地名その他,原神/地名/フォンテーヌ
サーンドル河,さーんどるがわ,地名その他,原神/地名/フォンテーヌ
エリニュス島,えりにゅすとう,地名その他,原神/地名/フォンテーヌ
ポワソン町,ぽわそんちょう,地名その他,原神/地名/フォンテーヌ
メリュシー村,めりゅしーむら,地名その他,原神/地名/フォンテーヌ
サラシア海原,さらしあうなばら,地名その他,原神/地名/フォンテーヌ
タラッタ海底谷,たらったかいていこく,地名その他,原神/地名/フォンテーヌ
フォンテーヌ廷地区,ふぉんてーぬていちく,地名その他,原神/地名/フォンテーヌ
ブロー地区,ぶろーちく,地名その他,原神/地名/フォンテーヌ
ベリル地区,べりるちく,地名その他,原神/地名/フォンテーヌ
フォンテーヌ廷,ふぉんてーぬてい,地名その他,原神/地名/フォンテーヌ
