ナタ,なた,地名その他,原神/国名

「豊穣の邦」,ほうじょうのくに,地名その他,原神/地名/ナタ

「花翼の集」,かよくのつどい,地名その他,原神/地名/ナタ

夜神の国,やがみのくに,地名その他,原神/地名/ナタ

テケメカンの谷,てけめかんのたに,地名その他,原神/地名/ナタ

「こだまの子」,こだまのこ,地名その他,原神/地名/ナタ

硫晶の支脈,りゅうしょうのしみゃく,地名その他,原神/地名/ナタ

山脈の亀裂,さんみゃくのきれつ,地名その他,原神/地名/ナタ

水没遺跡,すいぼついせき,地名その他,原神/地名/ナタ

万岩の地,まんがんのち,地名その他,原神/地名/ナタ

テペアカク坂,てぺあかくざか,地名その他,原神/地名/ナタ

万火のほとぎ,ばんかのほとぎ,地名その他,原神/地名/ナタ

ウィッツトリの丘,うぃっつとりのおか,地名その他,原神/地名/ナタ

聖火競技場,せいかきょうぎじょう,地名その他,原神/地名/ナタ

聖火競技場・パックス神殿,せいかきょうぎじょうぱっくすしんでん,地名その他,原神/地名/ナタ

灼石の円盤,しゃくせきのえんばん,地名その他,原神/地名/ナタ

談義室,だんわしつ,地名その他,原神/地名/ナタ

コアテペック山,こあてぺっくさん,地名その他,原神/地名/ナタ

「懸木の民」,かがりぎのたみ,地名その他,原神/地名/ナタ

彩晶の頂,さいしょうのいただき,地名その他,原神/地名/ナタ

先人の神殿,せんじんのしんでん,地名その他,原神/地名/ナタ

遺された神殿の弔う場,のこされたしんでんのとむらうば,地名その他,原神/地名/ナタ

トヤック源泉地,とやっくげんせんち,地名その他,原神/地名/ナタ

「流泉の衆」,りゅうせんのしゅう,地名その他,原神/地名/ナタ

アメヤルコの水域,あめやるこのすいいき,地名その他,原神/地名/ナタ

静寂の浮遊島,せいじゃくのふゆうとう,地名その他,原神/地名/ナタ

盗炎者の秘島,とうえんしゃのひとう,地名その他,原神/地名/ナタ

「謎煙の主」,めいえんのあるじ,地名その他,原神/地名/ナタ
虹雨の祭庭,こううのさいてい,地名その他,原神/地名/ナタ
チュピカク・タヒン,ちゅぴかく・たひん,地名その他,原神/地名/ナタ
テノチズトク,てのちずとく,地名その他,原神/地名/ナタ
のびのびリゾート,,地名その他,原神/地名/ナタ
カラフル洞窟,からふるどうくつ,地名その他,原神/地名/ナタ
のびのびマーケット,からふるどうくつ,地名その他,原神/地名/ナタ
カラフル崖,からふるがけ,地名その他,原神/地名/ナタ
ひゅうひゅう丘,ひゅうひゅうおか,地名その他,原神/地名/ナタ
ざぶざぶ湾,ざぶざぶわん,地名その他,原神/地名/ナタ
隠されし謎の地,かくされしなぞのち,地名その他,原神/地名/ナタ
パイン峠,ぱいんとうげ,地名その他,原神/地名/ナタ
パイン町,ぱいんちょう,地名その他,原神/地名/ナタ
パインの小道,ぱいんのこみち,地名その他,原神/地名/ナタ
チョトタスタウン,ちょとたすたうん,地名その他,原神/地名/ナタ
ティティ島,てぃてぃとう,地名その他,原神/地名/ナタ
ブリュー醸造所,ぶりゅーじょうぞうしょ,地名その他,原神/地名/ナタ
「無風の地」,むふうのち,地名その他,原神/地名/ナタ
クァワカン断崖,くぁわかんだんがい,地名その他,原神/地名/ナタ
マリナルコ洞窟,まりなるこどうくつ,地名その他,原神/地名/ナタ
シャラクの谷,しゃらくのたに,地名その他,原神/地名/ナタ
風炎の試験場,ふうえんのしけんじょう,地名その他,原神/地名/ナタ
謎土の祭祀場,めいどのさいしじょう,地名その他,原神/地名/ナタ
オシカ・ナタ,おしか・なた,地名その他,原神/地名/ナタ
燼火焼尽の地,じんかじょうじんのち,地名その他,原神/地名/ナタ
アッシュフロー街,あっしゅふろーがい,地名その他,原神/地名/ナタ
幻蛇の宮殿,げんじゃのきゅうでん,地名その他,原神/地名/ナタ
カキシュの塔,かきしゅのとう,地名その他,原神/地名/ナタ
昔日の統律の心,せきじつのとうりつのこころ,地名その他,原神/地名/ナタ
統律の心,とうりつのこころ,地名その他,原神/地名/ナタ
幻夢のクレイドル,げんむのくれいどる,地名その他,原神/地名/ナタ
ナーサリー・オブ・ナイトメア,なーさりー・おぶ・ないとめあ,地名その他,原神/地名/ナタ
トゾス島,とぞすとう,地名その他,原神/地名/ナタ
伝説の天蛇の船,でんせつのてんじゃのふね,地名その他,原神/地名/ナタ
テコロアパン湾,てころあぱんわん,地名その他,原神/地名/ナタ
アトクパンの大地,あとくぱんのだいち,地名その他,原神/地名/ナタ
エコーアリーナ,えこーありーな,地名その他,原神/地名/ナタ
星岩の墜落地,せいがんのついらくち,地名その他,原神/地名/ナタ
天焔の冠,てんえんのかんむり,地名その他,原神/地名/ナタ
レムナント遺跡,れむなんといせき,地名その他,原神/地名/ナタ
謁山の古場,えつざんのこじょう,地名その他,原神/地名/ナタ
古の聖山,いにしえのせいざん,地名その他,原神/地名/ナタ
受命の殿,じゅめいのでん,地名その他,原神/地名/ナタ
知を授ける海,ちをさずけるうみ,地名その他,原神/地名/ナタ
集炎の祭場,しゅうえんのさいじょう,地名その他,原神/地名/ナタ
武器工房の跡地,ぶきこうぼうのあとち,地名その他,原神/地名/ナタ
リバース・ハート,りばーす・はーと,地名その他,原神/地名/ナタ
疑似天体の台座,ぎじてんたいのだいざ,地名その他,原神/地名/ナタ
エソテリック・アレイ,えそてりっく・あれい,地名その他,原神/地名/ナタ
審議の庭,しんぎのにわ,地名その他,原神/地名/ナタ
