ヒュペルボレイア,ひゅぺるぼれいあ,地名その他,原神/地名/ナド・クライ
淡靄の渚,,地名その他,原神/地名/ナド・クライ
ドゥナナ前哨ステーション,どぅななぜんしょうすてーしょん,地名その他,原神/地名/ナド・クライ
月の裏側,つきのうらがわ,地名その他,原神/地名/ナド・クライ
古月の嵐研究所,こげつのあらしけんきゅうじょ,地名その他,原神/地名/ナド・クライ
泡沫の地,うたかたのち,地名その他,原神/地名/ナド・クライ
黄金の館,おうごんのやかた,地名その他,原神/地名/ナド・クライ
ヌールの石柱群,ぬーるのせきちゅうぐん,地名その他,原神/地名/ナド・クライ
イビニベルンの目,いびにべるんのめ,地名その他,原神/地名/ナド・クライ
旅人の大陥没地,たびびとのくれーたー,地名その他,原神/地名/ナド・クライ
ウージエン生態圏,うーじえんせいたいけん,地名その他,原神/地名/ナド・クライ
幕状黒色物質収容実験室,,地名その他,原神/地名/ナド・クライ
遊月の海,ゆうげつのうみ,地名その他,原神/地名/ナド・クライ
観月者号,かんげつしゃごう,地名その他,原神/地名/ナド・クライ
秘聞の館,ひぶんのやかた,地名その他,原神/地名/ナド・クライ
海を望めぬ峰,うみをのぞめぬみね,地名その他,原神/地名/ナド・クライ
ピラミダ,ぴらみだ,地名その他,原神/地名/ナド・クライ
厄影の沼地,やくえいのぬまち,地名その他,原神/地名/ナド・クライ
集いの場・魔女の楽園,つどいのば・まじょのらくえん,地名その他,原神/地名/ナド・クライ
波追いの峠,なみおいのとうげ,地名その他,原神/地名/ナド・クライ
エンブラの柱,えんぶらのはしら,地名その他,原神/地名/ナド・クライ
ケーレスの翼,けーれすのつばさ,地名その他,原神/地名/ナド・クライ
西風の砦,えぴゅろすのとりで,地名その他,原神/地名/ナド・クライ
クリフサイド・キャンプ,くりふさいど・きゃんぷ,地名その他,原神/地名/ナド・クライ
アームスヴァルトニル湖,あーむすゔぁるとにるこ,地名その他,原神/地名/ナド・クライ
煙雲の山,えんうんのやま,地名その他,原神/地名/ナド・クライ
キプマキの崖,きぷまきのがけ,地名その他,原神/地名/ナド・クライ
特別管轄区研究所,とくべつかんかつくけんけんきゅうじょ,地名その他,原神/地名/ナド・クライ
パハ島,ぱはとう,地名その他,原神/地名/ナド・クライ
夜明かしの墓,よあかしのはか,地名その他,原神/地名/ナド・クライ
北の港,きたのみなと,地名その他,原神/地名/ナド・クライ
クリムゾン・ソルトマーシュ,くりむぞん・そるとまーしゅ,地名その他,原神/地名/ナド・クライ
南の港,みなみのみなと,地名その他,原神/地名/ナド・クライ
ヒーシ島,ひーしとう,地名その他,原神/地名/ナド・クライ
誓いを守る者の整地,ちかいをまもるもののせいち,地名その他,原神/地名/ナド・クライ
銀月の庭,ぎんげつのにわ,地名その他,原神/地名/ナド・クライ
浴光の大地,よっこうのだいち,地名その他,原神/地名/ナド・クライ
カニの主の宮殿,かにのあるじのきゅうでん,地名その他,原神/地名/ナド・クライ
グレートサンダーリーフ,ぐれーとさんだーりーふ,地名その他,原神/地名/ナド・クライ
霜月の里,そうげつのさと,地名その他,原神/地名/ナド・クライ
レンポ島,れんぽとう,地名その他,原神/地名/ナド・クライ
空寂の回廊,くうじゃくのかいろう,地名その他,原神/地名/ナド・クライ
スターダストビーチ,すたーだすとびーち,地名その他,原神/地名/ナド・クライ
青い琥珀,あおいこはく,地名その他,原神/地名/ナド・クライ
ケラティの眼,けらてぃのめ,地名その他,原神/地名/ナド・クライ
ボーンモス荒原,ぼーんもすこうげん,地名その他,原神/地名/ナド・クライ
カチャカチャ・クルムカケ工房,かちゃかちゃ・くるむかけこうぼう,地名その他,原神/地名/ナド・クライ
ナシャタウン,なしゃたうん,地名その他,原神/地名/ナド・クライ
ナド・クライ,など・くらい,地名その他,原神/地名/ナド・クライ
