スネージナヤ,すねーじなや,地名その他,原神/地名
ゾルヌィ区,ぞるぬぃく,地名その他,原神/地名/スネージナヤ
クルースニクの炉心,くるーすにくのろしん,地名その他,原神/地名/スネージナヤ
古獣の氷原,こじゅうのひょうげん,地名その他,原神/地名/スネージナヤ
スレトモロスク,すれともろすく,地名その他,原神/地名/スネージナヤ
狩人の小屋,かりゅうどのこや,地名その他,原神/地名/スネージナヤ
ザーリャ駅,ざーりゃえき,地名その他,原神/地名/スネージナヤ
焔翼の谷,えんよくのたに,地名その他,原神/地名/スネージナヤ
オクーロフの村,おくーろふのむら,地名その他,原神/地名/スネージナヤ
生命棲の樹海,せいめいそくのじゅかい,地名その他,原神/地名/スネージナヤ
氷結の凍土,ひょうけつのとうど,地名その他,原神/地名/スネージナヤ
モレペソク,もれぺそく,地名その他,原神/地名/スネージナヤ
セントラルステーション,せんとらるすてーしょん,地名その他,原神/地名/スネージナヤ
スネージナヤ・グラード,すねーじなや・ぐらーど,地名その他,原神/地名/スネージナヤ
「冬契軍」本部,どるじーなほんぶ,地名その他,原神/地名/スネージナヤ
コロレフスキー劇場,ころれふすきーげきじょう,地名その他,原神/地名/スネージナヤ
グルポフ,ぐるぽふ,地名その他,原神/地名/スネージナヤ
哀悼の聖域,あいとうのせいいき,地名その他,原神/地名/スネージナヤ
霜つく峰,しもつくみね,地名その他,原神/地名/スネージナヤ
スヴェトロレドフカ,すゔぇとろれどふか,地名その他,原神/地名/スネージナヤ
ヘスペリデスの館,へすぺりですのやかた,地名その他,原神/地名/スネージナヤ
雪の精の村,じゃっくふろすとのむら,地名その他,原神/地名/スネージナヤ
潮騒の洞窟,しおさいのどうくつ,地名その他,原神/地名/スネージナヤ
白樺の雪葬地,しらかばのせっそうち,地名その他,原神/地名/スネージナヤ
聖地巡礼の谷,せいちじゅんれいのたに,地名その他,原神/地名/スネージナヤ
ペールクラウンパレス,ぺーるくらうんぱれす,地名その他,原神/地名/スネージナヤ
