悪龍の絵本,あくりゅうのえほん,名詞,原神/アイテム
カラフルノロマの手記,からふるのろまのしょき,名詞,原神/アイテム
かつてエカトルだったもの,かつてえかとるだったもの,名詞,原神/アイテム
鍾離・帝銭,しょうり・ていせん,名詞,原神/アイテム
胡桃・梅の枝,ふーたお・うめのえだ,名詞,原神/アイテム
幸運の祝福,こううんのしゅくふく,名詞,原神/アイテム
水仙十字聖剣,すいせんじゅうじせいけん,名詞,原神/アイテム
仙人探しの美食家,せんにんさがしのびしょくか,名詞,原神/アイテム
絶対ラクラク背が伸びる超すごい霊薬,ぜったいらくらくせがのびるちょうすごいれいやく,名詞,原神/アイテム
余韻,よいん,名詞,原神/アイテム
最初の鉄銭,さいしょのてつせん,名詞,原神/アイテム
スネージナヤ通史,すねーじなやつうし,名詞,原神/アイテム
極星のバレエ集,きょくせいのばれえしゅう,名詞,原神/アイテム
新型アーカーシャ端末「浮き葉」,,名詞,原神/アイテム
ローエンの友達料,,名詞,原神/アイテム
メモリーファクター,めもりーふぁくたー,名詞,原神/アイテム
風のトレジャーコンパス,かぜのとれじゃーこんぱす,名詞,原神/アイテム
断片領域のトレジャーコンパス,だんぺんりょういきのとれじゃーこんぱす,名詞,原神/アイテム
風が運んできた手紙,かぜがはこんできたてがみ,名詞,原神/アイテム
ファルカのへそくり,ふぁるかのへそくり,名詞,原神/アイテム
白馬の仙人、璃月港で白馬の仙人を見る,はくばのせんにん りーゆえこうではくばのせんにんをみる,名詞,原神/アイテム
コロンビーナから贈られた祈月の花,ころんびーなからおくられたきげつのはな,名詞,原神/アイテム
「傀儡」のノート,かいらいののーと,名詞,原神/アイテム
炎魂戦記・第二巻,えんこんせんき・だいにかん,名詞,原神/アイテム
無主のスターライト,むしゅのすたーらいと,名詞,原神/アイテム
無主の星屑,むしゅのほしくず,名詞,原神/アイテム
小さな魔女の辞典,ちいさなまじょのじてん,名詞,原神/アイテム
「ドゥリン」という名の物語,どぅりんというなのものがたり,名詞,原神/アイテム
「祈月の夜」ガイドブック,きげつのよるがいどぶっく,名詞,原神/アイテム
コロンビーナへのお祝いカード,ころんびーなへのおいわいかーど,名詞,原神/アイテム
コロンビーナが用意したムーンキャンディ,ころんびーながよういしたむーんきゃんでぃ,名詞,原神/アイテム
整理されたノート,せいりされたのーと,名詞,原神/アイテム
キャット・ヨーラ,きゃっと・よーら,名詞,原神/アイテム
空飛ぶくつろぎクッション,そらとぶくつろぎくっしょん,名詞,原神/アイテム
フロストアックスフィッシュ,ふろすとあっくすふぃっしゅ,名詞,原神/アイテム
夜色デメニギス,,名詞,原神/アイテム
メメント写真機,めめんとしゃしんき,名詞,原神/アイテム
賞金稼ぎの証：詐欺師の赤い絹,しょうきんかせぎのあかし さぎしのあかいきぬ,名詞,原神/アイテム
賞金稼ぎの証：淑女のブローチ,しょうきんかせぎのあかし しゅくじょのぶろーち,名詞,原神/アイテム
賞金稼ぎの証：泥染めの鍔,しょうきんかせぎのあかし どろぞめのつば,名詞,原神/アイテム
アイノの工具箱,あいののこうぐばこ,名詞,原神/アイテム
イネファの工具箱,いねふぁのこうぐばこ,名詞,原神/アイテム
コモンアックスフィッシュ,こもんあっくすふぃっしゅ,名詞,原神/アイテム
バーニングアックスフィッシュ,ばーにんぐあっくすふぃっしゅ,名詞,原神/アイテム
サイショクゲキオコザメ,さいしょくげきおこざめ,名詞,原神/アイテム
ソマルの餌,,名詞,原神/アイテム
清白の餌,,名詞,原神/アイテム
不死者の弔鐘,ふししゃのちょうしょう,名詞,原神/アイテム
未だ鳴らざる笛,いまだならざるふえ,名詞,原神/アイテム
染められし羽兜,そめられしうとう / そめられしはねかぶと,名詞,原神/アイテム
失われた月神の瞳,うしなわれたげっしんのひとみ,名詞,原神/アイテム
月のトレジャーコンパス,つきのとれじゃーこんぱす,名詞,原神/アイテム
虹結晶,こうけっしょう / にじけっしょう,名詞,原神/アイテム
隠玉の泉,いんぎょくのいずみ,名詞,原神/アイテム
北の果て、祈りの歌,きたのはて いのりのうた,名詞,原神/アイテム
ホラガイの残響,ほらがいのざんきょう,名詞,原神/アイテム
怪盗レッド・ミラーの伝説,かいとうれっど・みらーのでんせつ,名詞,原神/アイテム
のんびり旅手帳,,名詞,原神/アイテム
恒月の石符,こうげつのせきふ,名詞,原神/アイテム
クルムカケボルト,くるむかけぼると,名詞,原神/アイテム
空域データ収集装置2.0,くういきでーたしゅうしゅうそうちにーてんぜろ,名詞,原神/アイテム
知識を刻む者の黒羽,ちしきをきざむもののくろばね,名詞,原神/アイテム
知識を紡ぐ者の傾倒,ちしきをつむぐもののけいとう,名詞,原神/アイテム
知識を求める者の面影,ちしきをもとめるもののおもかげ,名詞,原神/アイテム
『ナシャタウンにようこそ！』,なしゃたうんにようこそ,名詞,原神/アイテム
「ワイルドハント」現象の位置図,わいるどはんとげんしょうのいちず,名詞,原神/アイテム
「テツクジラ大将」との写真,てつくじらたいしょうとのしゃしん,名詞,原神/アイテム
ホラガイノート,ほらがいのーと,名詞,原神/アイテム
投資証券,とうししょうけん,名詞,原神/アイテム
総合映像記録器,そうごうえいぞうきろくき,名詞,原神/アイテム
競売の招待状,きょうばいのしょうたいじょう,名詞,原神/アイテム
熾岩の闘流魚,しがんのとうりゅうぎょ,名詞,原神/アイテム
秘源装置・スカウトスイーパー,ひげんそうち・すかうとすいーぱー,名詞,原神/アイテム
のびのびリゾートの招待状,のびのびりぞーとのしょうたいじょう,名詞,原神/アイテム
『ピピルパン・アイドルコンテスト』,『ぴぴるぱん・あいどるこんてすと』,名詞,原神/アイテム
のびのびリゾートマップ,のびのびりぞーとまっぷ,名詞,原神/アイテム
のびのびバッジ,のびのびばっじ,名詞,原神/アイテム
調査報告——バクナワ,ちょうさほうこく ばくなわ,名詞,原神/アイテム
調査報告——燼寂海,ちょうさほうこく じんじゃくかい,名詞,原神/アイテム
誰かのボロボロなノート・1,だれかのぼろぼろなのーと・いち,名詞,原神/アイテム
誰かのボロボロなノート・2,だれかのぼろぼろなのーと・に,名詞,原神/アイテム
腐食したボロボロなノート・3,ふしょくしたぼろぼろなのーと・さん,名詞,原神/アイテム
カピバラキングから貰ったキラキラエッグ,かぴばらきんぐからもらったきらきらえっぐ,名詞,原神/アイテム
「カクーシャ」から貰ったキラキラエッグ,かくーしゃからもらったきらきらえっぐ,名詞,原神/アイテム
キラキラエッグ・山の血,きらきらえっぐ・やまのち,名詞,原神/アイテム
キラキラエッグ・太陽の咆哮,きらきらえっぐ・たいようのほうこう,名詞,原神/アイテム
キラキラエッグ・聖龍降臨,きらきらえっぐ・せいりゅうこうりん,名詞,原神/アイテム
キラキラエッグ・フィエテナ,きらきらえっぐ・ふぃえてな,名詞,原神/アイテム
キラキラエッグ・捧ぐは酒杯,きらきらえっぐ・ささぐはしゅはい,名詞,原神/アイテム
キラキラエッグ・ざぶざぶサメくんアターック!,きらきらえっぐ・ざぶざぶさめくんあたーっく!,名詞,原神/アイテム
アグワラ,あぐわら,名詞,原神/アイテム
夢魂の残影,むこんのざんえい,名詞,原神/アイテム
「スリープポッド」の鍵,すりーぷぽっどのかぎ,名詞,原神/アイテム
特別な「おみくじ」,とくべつなおみくじ,名詞,原神/アイテム
聖啓の塵,せいけいのちり,名詞,原神/アイテム
璃月の地霊壇の鍵,りーゆぇのちれいだんのかぎ,名詞,原神/アイテム
フォンテーヌの地霊壇の鍵,ふぉんてーぬのちれいだんのかぎ,名詞,原神/アイテム
禁忌滅却の札,きんきめっきゃくのふだ,名詞,原神/アイテム
歳時の日時計,,名詞,原神/アイテム
グッピー,ぐっぴー,名詞,原神/アイテム
琉璃グッピー,,名詞,原神/アイテム
スイートグッピー,すいーとぐっぴー,名詞,原神/アイテム
藍染グッピー,あいぜんぐっぴー,名詞,原神/アイテム
ポイズントゲウオ,ぽいずんとげうお,名詞,原神/アイテム
錆色リュウノコ,さびいろりゅうのこ,名詞,原神/アイテム
朱鷺町物語,,名詞,原神/アイテム
クサヴァ,くさゔぁ,名詞,原神/アイテム
蘇生手綱,そせいたづな,名詞,原神/アイテム
神輿手綱,みこしたづな,名詞,原神/アイテム
ヴァスミリティ,ゔぁすみりてぃ,名詞,原神/アイテム
ヴァソマの実,,名詞,原神/アイテム
バルサムフラワー,ばるさむふらわー,名詞,原神/アイテム
浄光の羽根,じょうこうのはね,名詞,原神/アイテム
萌蘖のタケノコ,ほうげつのたけのこ,名詞,原神/アイテム
煌めく神秘的なギフト,きらめくしんぴてきなぎふと,名詞,原神/アイテム
シュヴァルマラン映影ランドの記念マップ,しゅゔぁるまらんえいえいらんどのきねんまっぷ,名詞,原神/アイテム
『ウルトラフュージョン・DJによる厳選リミックス』,うるとらふゅーじょん・でぃーじぇーによるげんせんりみっくす,名詞,原神/アイテム
原石,げんせき,名詞,原神/アイテム
紡がれた運命,つむがれたうんめい,名詞,原神/アイテム
創世結晶,そうせいけっしょう,名詞,原神/アイテム
無主のスターダスト,むしゅのすたーだすと,名詞,原神/アイテム
脆弱樹脂,ぜいじゃくじゅし,名詞,原神/アイテム
濃縮樹脂,のうしゅくじゅし,名詞,原神/アイテム
刹那樹脂,せつなじゅし,名詞,原神/アイテム
祈聖のオイル,きせいのおいる,名詞,原神/アイテム
祈聖のエキス,きせいのえきす,名詞,原神/アイテム
失われた風神の瞳,うしなわれたふうじんのひとみ,名詞,原神/アイテム
失われた岩神の瞳,うしなわれたがんしんのひとみ,名詞,原神/アイテム
失われた雷神の瞳,うしなわれたらいじんのひとみ,名詞,原神/アイテム
失われた草神の瞳,うしなわれたそうしんのひとみ,名詞,原神/アイテム
失われた水神の瞳,うしなわれたすいじんのひとみ,名詞,原神/アイテム
失われた炎神の瞳,うしなわれたえんじんのひとみ,名詞,原神/アイテム
風神の瞳の共鳴石,ふうじんのひとみのきょうめいせき,名詞,原神/アイテム
岩神の瞳の共鳴石,がんしんのひとみのきょうめいせき,名詞,原神/アイテム
雷神の瞳の共鳴石,らいじんのひとみのきょうめいせき,名詞,原神/アイテム
草神の瞳の共鳴石,そうしんのひとみのきょうめいせき,名詞,原神/アイテム
水神の瞳の共鳴石,すいじんのひとみのきょうめいせき,名詞,原神/アイテム
炎神の瞳の共鳴石,えんじんのひとみのきょうめいせき,名詞,原神/アイテム
緋紅玉髄,ひこうぎょくずい,名詞,原神/アイテム
蒼霊の鯉,そうれいのこい,名詞,原神/アイテム
晶核,しょうかく,名詞,原神/アイテム
七国の印,しちこくのしるし,名詞,原神/アイテム
放熱瓶,ほうねつびん,名詞,原神/アイテム
風捕りの瓶,かぜとりのびん,名詞,原神/アイテム
岩のトレジャーコンパス,いわのとれじゃーこんぱす,名詞,原神/アイテム
雷のトレジャーコンパス,かみなりのとれじゃーこんぱす,名詞,原神/アイテム
草のトレジャーコンパス,くさのとれじゃーこんぱす,名詞,原神/アイテム
水のトレジャーコンパス,みずのとれじゃーこんぱす,名詞,原神/アイテム
炎のトレジャーコンパス,ほのおのとれじゃーこんぱす,名詞,原神/アイテム
三〇式・携帯式栄養袋,さんまるしき・けいたいしきえいようぶくろ,名詞,原神/アイテム
ポケットワープポイント,ぽけっとわーぷぽいんと,名詞,原神/アイテム
参量物質変化器,さんりょうぶっしつへんかき,名詞,原神/アイテム
異夢の溶媒,いむのようばい,名詞,原神/アイテム
ウェーブボートの修理箱,うぇーぶぼーとのしゅうりばこ,名詞,原神/アイテム
狩猟の罠,しゅりょうのわな,名詞,原神/アイテム
追憶のレンズ,ついおくのれんず,名詞,原神/アイテム
変わった羽毛,かわったうもう,名詞,原神/アイテム
赤羽団扇,あかばねうちわ,名詞,原神/アイテム
鍵紋,かぎもん,名詞,原神/アイテム
深秘の聖遺物箱,しんぴのせいいぶつばこ,名詞,原神/アイテム
流明石の触媒,,名詞,原神/アイテム
流明晶石,,名詞,原神/アイテム
流明石の原鉱,,名詞,原神/アイテム
琉璃晶砂,,名詞,原神/アイテム
青淵宝珠,,名詞,原神/アイテム
遠眺の花,,名詞,原神/アイテム
高翔の羽,,名詞,原神/アイテム
共飲の杯,,名詞,原神/アイテム
加護の冠,,名詞,原神/アイテム
同沢の槍,,名詞,原神/アイテム
王樹の加護,おうじゅのかご,名詞,原神/アイテム
実験型超燃ランプ,じっけんがたちょうねんらんぷ,名詞,原神/アイテム
釣り糸安定装置,つりいとあんていそうち,名詞,原神/アイテム
古いオルゴール,ふるいおるごーる,名詞,原神/アイテム
ナイトウィンド・ホルン,ないとうぃんど・ほるん,名詞,原神/アイテム
流浪者の経験,るろうしゃのけいけん,名詞,原神/アイテム
冒険家の経験,ぼうけんかのけいけん,名詞,原神/アイテム
大英雄の経験,だいえいゆうのけいけん,名詞,原神/アイテム
仕上げ用雑鉱,しあげようざっこう,名詞,原神/アイテム
仕上げ用良鉱,しあげようりょうこう,名詞,原神/アイテム
仕上げ用魔鉱,しあげようまこう,名詞,原神/アイテム
耐熱薬剤,たいねつやくざい,名詞,原神/アイテム
耐湿薬剤,たいしつやくざい,名詞,原神/アイテム
耐寒薬剤,たいかんやくざい,名詞,原神/アイテム
耐風薬剤,たいふうやくざい,名詞,原神/アイテム
耐電薬剤,たいでんやくざい,名詞,原神/アイテム
耐塵薬剤,たいじんやくざい,名詞,原神/アイテム
烈火のオイル,れっかのおいる,名詞,原神/アイテム
激流のオイル,げきりゅうのおいる,名詞,原神/アイテム
霜劫のオイル,,名詞,原神/アイテム
狂風のオイル,きょうふうのおいる,名詞,原神/アイテム
驚雷のオイル,きょうらいのおいる,名詞,原神/アイテム
磐石のオイル,ばんじゃくのおいる,名詞,原神/アイテム
霧氷花,むひょうばな,名詞,原神/アイテム
霧氷花の花蕊,むひょうばなのかずい,名詞,原神/アイテム
烈焔花,れつえんばな,名詞,原神/アイテム
烈焔花の花蕊,れつえんばなのかずい,名詞,原神/アイテム
ヴィパリャス,ゔぃぱりゃす,名詞,原神/アイテム
プリュイロータス,ぷりゅいろーたす,名詞,原神/アイテム
北陸片手剣の原型,ほくりくかたてけんのげんけい,名詞,原神/アイテム
北陸弓の原型,ほくりくゆみのげんけい,名詞,原神/アイテム
北陸両手剣の原型,ほくりくりょうてけんのげんけい,名詞,原神/アイテム
北陸長柄武器の原型,ほくりくながえぶきのげんけい,名詞,原神/アイテム
北陸法器の原型,ほくりくほうきのげんけい,名詞,原神/アイテム
中央大陸片手剣の原型,ちゅうおうたいりくかたてけんのげんけい,名詞,原神/アイテム
中央大陸弓の原型,ちゅうおうたいりくゆみのげんけい,名詞,原神/アイテム
中央大陸両手剣の原型,ちゅうおうたいりくりょうてけんのげんけい,名詞,原神/アイテム
中央大陸長柄武器の原型,ちゅうおうたいりくながえぶきのげんけい,名詞,原神/アイテム
中央大陸法器の原型,ちゅうおうたいりくほうきのげんけい,名詞,原神/アイテム
鉄の塊,てつのかたまり,名詞,原神/アイテム
白鉄の塊,はくてつのかたまり,名詞,原神/アイテム
水晶の塊,すいしょうのかたまり,名詞,原神/アイテム
魔晶の塊,ましょうのかたまり,名詞,原神/アイテム
星銀鉱石,せいぎんこうせき,名詞,原神/アイテム
電気水晶,でんきすいしょう,名詞,原神/アイテム
紫水晶の塊,むらさきすいしょうのかたまり,名詞,原神/アイテム
萃凝晶,すいぎょうしょう,名詞,原神/アイテム
水晶宴,すいしょうえん,名詞,原神/アイテム
擒霞客,きんかきゃく,名詞,原神/アイテム
バトルトゲウオ,ばとるとげうお,名詞,原神/アイテム
赤魔王,あかまおう,名詞,原神/アイテム
ブレストゲウオ,ぶれすとげうお,名詞,原神/アイテム
雪ノ君,ゆきのきみ,名詞,原神/アイテム
ディフダエイ,でぃふだえい,名詞,原神/アイテム
浮遊エイ,ふゆうえい,名詞,原神/アイテム
フォーマルハウトエイ,ふぉーまるはうとえい,名詞,原神/アイテム
褐チョウチョウウオ,かつちょうちょううお,名詞,原神/アイテム
長寿仙,ちょうじゅせん,名詞,原神/アイテム
雷鳴仙,らいめいせん,名詞,原神/アイテム
月光魚,げっこうぎょ / げっこううお,名詞,原神/アイテム
紫チョウチョウウオ,むらさきちょうちょううお,名詞,原神/アイテム
緑チョウチョウウオ,みどりちょうちょううお,名詞,原神/アイテム
金赤リュウノコ,きんせきりゅうのこ,名詞,原神/アイテム
鉄砲フグ,てっぽうふぐ,名詞,原神/アイテム
苦鉄砲フグ,にがてっぽうふぐ,名詞,原神/アイテム
メンテマシナリー・基礎能力型,めんてましなりー・きそのうりょくがた,名詞,原神/アイテム
メンテマシナリー・態勢制御者,めんてましなりー・たいせいせいぎょしゃ,名詞,原神/アイテム
メンテマシナリー・白金秘蔵型,めんてましなりー・はっきんひぞうがた,名詞,原神/アイテム
黄昏マンボウ,たそがれまんぼう,名詞,原神/アイテム
サメモドキツノ魚,さめもどきつのぎょ / さめもどきつのうお,名詞,原神/アイテム
キラキラツノ魚,きらきらつのぎょ / きらきらつのうお,名詞,原神/アイテム
疑似燃素ツノ魚,ぎじねんそつのぎょ / ぎじねんそつのうお,名詞,原神/アイテム
青波マンボウ,あおなみまんぼう,名詞,原神/アイテム
浮沈蜜桃,ふちんみっとう,名詞,原神/アイテム
翠玉ハチェットウオ,すいぎょくはちぇっとうお,名詞,原神/アイテム
百花の闘流魚,ひゃっかのとうりゅうぎょ,名詞,原神/アイテム
深潜の闘流魚,しんせんのとうりゅうぎょ,名詞,原神/アイテム
釣り餌,つりえ,名詞,原神/アイテム
果物餌,くだものえ,名詞,原神/アイテム
赤挽肉餌,あかひきにくえ,名詞,原神/アイテム
ワームの疑似餌,わーむのぎじえ,名詞,原神/アイテム
ハエの疑似餌,はえのぎじえ,名詞,原神/アイテム
甘露餌,,名詞,原神/アイテム
すっぱいオレンジの餌,,名詞,原神/アイテム
メンテマシナリーの閃光釣り餌,,名詞,原神/アイテム
スピネルグレインの餌,,名詞,原神/アイテム
エンバー餌,,名詞,原神/アイテム
テイワット観光ガイド,ていわっとかんこうがいど,名詞,原神/アイテム
モンドタワー,もんどたわー,名詞,原神/アイテム
ヒルチャール語詩試作,,名詞,原神/アイテム
ヴァネッサの物語,,名詞,原神/アイテム
小さな魔女と消えない炎,ちいさなまじょときえないほのお,名詞,原神/アイテム
ニャンコ事務所,にゃんこじむしょ,名詞,原神/アイテム
亡国の美奈姫,ぼうこくのみなひめ,名詞,原神/アイテム
フィッシュル皇女物語,ふぃっしゅるこうじょものがたり,名詞,原神/アイテム
仙衆夜叉 / 護法仙衆夜叉録,せんしゅうやしゃ / ごほうせんしゅうやしゃろく,名詞,原神/アイテム
霊濛山の夜話,れいもうさんのよばなし,名詞,原神/アイテム
珊瑚宮記,さんごのみやき,名詞,原神/アイテム
沈秋拾剣録,ちんしゅうしゅうけんろく,名詞,原神/アイテム
新六狐伝,,名詞,原神/アイテム
雷電将軍に転生したら、天下無敵になった,らいでんしょうぐんにてんせいしたら、てんかむてきになった,名詞,原神/アイテム
お願いっ! 私の仙狐宮司,おねがいっ! わたしのせんこぐうじ,名詞,原神/アイテム
日月前事,にちげつぜんじ,名詞,原神/アイテム
常世国龍蛇伝,とこよのくにりゅうじゃでん,名詞,原神/アイテム
光昼影底集,,名詞,原神/アイテム
白夜国地理水文誌,びゃくやこくちりすいもんし,名詞,原神/アイテム
稲妻秘聞録,いなずまひぶんろく,名詞,原神/アイテム
千夜物語,せんやものがたり,名詞,原神/アイテム
レムリア衰亡史,れむりあすいぼうし,名詞,原神/アイテム
フォンテーヌ動物寓意譚,ふぉんてーぬどうぶつぐういたん,名詞,原神/アイテム
怪盗と名探偵: レインボーブローチの謎,かいとうとめいたんてい: れいんぼーぶろーちのなぞ,名詞,原神/アイテム
色褪せた古城の倒壊,,名詞,原神/アイテム
エリニュスの歌,,名詞,原神/アイテム
雪羽ガン童話集,,名詞,原神/アイテム
時の旅人,ときのたびびと,名詞,原神/アイテム
ペインヘリ,ぺいんへり,名詞,原神/アイテム
北方秘史,ほっぽうひし,名詞,原神/アイテム
二銃士,にじゅうし,名詞,原神/アイテム
旧都夢夜奇譚,,名詞,原神/アイテム
クイールとウククの物語,くいーるとうくくのものがたり,名詞,原神/アイテム
マーウェと幻写霊,まーうぇとげんしゃれい,名詞,原神/アイテム
白姫と六人の小人,しらひめとろくにんのこびと,名詞,原神/アイテム
ハナン・パチャの記録,はなんぱちゃのきろく,名詞,原神/アイテム
火山大王と影縫いの針,かざんだいおうとかげぬいのはり,名詞,原神/アイテム
クントゥルの物語,くんとぅるのものがたり,名詞,原神/アイテム
秋暮の炎,しゅうぼのほのお,名詞,原神/アイテム
首無しのコクイタオ,くびなしのこくいたお,名詞,原神/アイテム
綺宴の鼓,きえんのこ,名詞,原神/アイテム
古びたライアー,,名詞,原神/アイテム
赤砂の石板,,名詞,原神/アイテム
晶蝶トラップ装置,しょうちょうとらっぷそうち,名詞,原神/アイテム
風力ファン,ふうりょくふぁん,名詞,原神/アイテム
プニプニタコちゃん,ぷにぷにたこちゃん,名詞,原神/アイテム
携帯型空気動力粘性バブル発射機,けいたいがたくうきどうりょくねんせいばぶるはっしゃき,名詞,原神/アイテム
特殊分析ズームレンズ,とくしゅぶんせきずーむれんず,名詞,原神/アイテム
画像サンプリング写真機,,名詞,原神/アイテム
ラクガキ写真機,らくがきしゃしんき,名詞,原神/アイテム
パイモンの写真機,ぱいもんのしゃしんき,名詞,原神/アイテム
テイワットの思い出のアルバム,ていわっとのおもいでのあるばむ,名詞,原神/アイテム
新生の霊炎,しんせいのれいえん,名詞,原神/アイテム
ジャンペ,じゃんぺ,名詞,原神/アイテム
ウクレレ,うくれれ,名詞,原神/アイテム
洗塵の鈴,せんじんのすず,名詞,原神/アイテム
月浴淵の鍵,げつよくえんのかぎ,名詞,原神/アイテム
忘川の水,,名詞,原神/アイテム
龍骨花の露玉,,名詞,原神/アイテム
老石,ろうせき,名詞,原神/アイテム
アランハオマ,あらんはおま,名詞,原神/アイテム
ビージャの実,,名詞,原神/アイテム
封の開かれた羊皮紙,ふうのひらかれたようひし,名詞,原神/アイテム
失われたエネルギーブロック,うしなわれたえねるぎーぶろっく,名詞,原神/アイテム
活性化デバイス,かっせいかでばいす,名詞,原神/アイテム
コリュバンテス,こりゅばんてす,名詞,原神/アイテム
コリュの太鼓,こりゅのたいこ,名詞,原神/アイテム
ウドゥンバラの花蕊,うどぅんばらのかずい,名詞,原神/アイテム
霊光絶唱,れいこうぜっしょう,名詞,原神/アイテム
マジックポケット,まじっくぽけっと,名詞,原神/アイテム
「歌劇場の交換マジック」事件ファイル,かげきじょうのこうかんまじっくじけんふぁいる,名詞,原神/アイテム
「水と失踪者」事件ファイル,みずとしっそうしゃじけんふぁいる,名詞,原神/アイテム
十字鈴蘭秘宝,じゅうじすずらんひほう,名詞,原神/アイテム
不思議な本のページ,ふしぎなほんのぺーじ,名詞,原神/アイテム
不思議なコア,ふしぎなこあ,名詞,原神/アイテム
奇妙なパーツ,きみょうなぱーつ,名詞,原神/アイテム
特別許可券,とくべつきょかけん,名詞,原神/アイテム
濁水幻霊イチコロリ,だくすいげんれいいちころり,名詞,原神/アイテム
キャンドルキノコ,きゃんどるきのこ,名詞,原神/アイテム
エンバーコアフラワー,えんばーこあふらわー,名詞,原神/アイテム
スピネルの実,すぴねるのみ,名詞,原神/アイテム
ショコアトゥルの種,しょこあとぅるのみ,名詞,原神/アイテム
夜の玉,よるのぎょく,名詞,原神/アイテム
灼熱の燧原鉱,しゃくねつのすいげんこう,名詞,原神/アイテム
聖宵の旅織り,せいしょうのたびおり,名詞,原神/アイテム
廻焔の道,かいえんのみち,名詞,原神/アイテム
やや古びた『勇敢なテクィ』,ややふるびたゆうかんなてくぃ,名詞,原神/アイテム
新品同様の『勇敢なテクィ』,しんぴんんどうようのゆうかんなてくぃ,名詞,原神/アイテム
無名冒険者のノート,むめいぼうけんしゃののーと,名詞,原神/アイテム
ちび竜ビスケット・ライノ,,名詞,原神/アイテム
ちび竜ビスケット・クク,,名詞,原神/アイテム
ちび竜ビスケット・ユムカ,,名詞,原神/アイテム
ちび竜ビスケット・イクトミ,,名詞,原神/アイテム
ちび竜ビスケット・コホラ,,名詞,原神/アイテム
ちび竜ビスケット・テペトル,,名詞,原神/アイテム
緑トロピカルキノコ,みどりとろぴかるきのこ,名詞,原神/アイテム
こだまホラガイ / 余韻のホラガイ,こだまほらがい / よいんのほらがい,名詞,原神/アイテム
千奇核心,せんきかくしん,名詞,原神/アイテム
仙家呪符,せんかじゅふ,名詞,原神/アイテム
海皇の脂,,名詞,原神/アイテム
明目の油剤,,名詞,原神/アイテム
宝探し仙霊,たからさがしせんれい,名詞,原神/アイテム
小さな仙霊・露草,ちいさなせんれい・つゆくさ,名詞,原神/アイテム
小さな仙霊・薄紅,ちいさなせんれい・うすべに,名詞,原神/アイテム
小さな仙霊・鬱金,ちいさなせんれい・うこん,名詞,原神/アイテム
小さな仙霊・紫苑,ちいさなせんれい・しおん,名詞,原神/アイテム
疑似キラキラツノ魚,ぎじきらきらつのぎょ / ぎじきらきらつのうお,名詞,原神/アイテム
一葉の良き夢,いちようのよきゆめ,名詞,原神/アイテム
『最強オニカブトムシに転生して 世界をひっくり返してやった』,さいきょうおにかぶとむしにてんせいしてせかいをひっくりかえしてやった,名詞,原神/アイテム
トルクシーの不思議な冒険,,名詞,原神/アイテム
ハッピークーポン,はっぴーくーぽん,名詞,原神/アイテム
喜悦晶石,,名詞,原神/アイテム
満悦晶石,,名詞,原神/アイテム
すりこみの鏡,すりこみのかがみ,名詞,原神/アイテム
叡智宝珠,えいちほうじゅ,名詞,原神/アイテム
荒瀧・盛世豪鼓,,名詞,原神/アイテム
睦疎の箱,ぼくそのはこ,名詞,原神/アイテム
常世の荚,とこよのさや,名詞,原神/アイテム
淵海鉱石,えんかいこうせき,名詞,原神/アイテム
殻の宝玉,からのほうぎょく,名詞,原神/アイテム
光界の印,こうかいのしるし,名詞,原神/アイテム
珊瑚蝶,さんごちょう,名詞,原神/アイテム
四方八方の網,しほうはっぽうのあみ,名詞,原神/アイテム
鏡花の琴,きょうかのこと,名詞,原神/アイテム
風護のバドルドー,ふうごのばどるどー,名詞,原神/アイテム
風吹きのライアー,かぜふきのらいあー,名詞,原神/アイテム
