流浪の哲学,るろうのてつがく,名詞,原神/アイテム/天賦素材
流浪の導き,るろうのみちびき,名詞,原神/アイテム/天賦素材
流浪の教え,るろうのおしえ,名詞,原神/アイテム/天賦素材
楽園の哲学,らくえんのてつがく,名詞,原神/アイテム/天賦素材
楽園の導き,らくえんのみちびき,名詞,原神/アイテム/天賦素材
楽園の教え,らくえんのおしえ,名詞,原神/アイテム/天賦素材
月光の哲学,げっこうのてつがく,名詞,原神/アイテム/天賦素材
月光の導き,げっこうのみちびき,名詞,原神/アイテム/天賦素材
月光の教え,げっこうのおしえ,名詞,原神/アイテム/天賦素材
栄光の哲学,えいこうのてつがく,名詞,原神/アイテム/天賦素材
栄光の導き,えいこうのみちびき,名詞,原神/アイテム/天賦素材
栄光の教え,えいこうのおしえ,名詞,原神/アイテム/天賦素材
不屈の哲学,ふくつのてつがく,名詞,原神/アイテム/天賦素材
不屈の導き,ふくつのみちびき,名詞,原神/アイテム/天賦素材
不屈の教え,ふくつのおしえ,名詞,原神/アイテム/天賦素材
慈愛の哲学,じあいのてつがく,名詞,原神/アイテム/天賦素材
慈愛の導き,じあいのみちびき,名詞,原神/アイテム/天賦素材
慈愛の教え,じあいのおしえ,名詞,原神/アイテム/天賦素材
紛争の教え,ふんそうのおしえ,名詞,原神/アイテム/天賦素材
焚燼の哲学,ふんじんのてつがく,名詞,原神/アイテム/天賦素材
焚燼の導き,ふんじんのみちびき,名詞,原神/アイテム/天賦素材
焚燼の教え,ふんじんのおしえ,名詞,原神/アイテム/天賦素材
角逐の哲学,かくちくのてつがく,名詞,原神/アイテム/天賦素材
角逐の導き,かくちくのみちびき,名詞,原神/アイテム/天賦素材
角逐の教え,かくちくのおしえ,名詞,原神/アイテム/天賦素材
紛争の哲学,ふんそうのてつがく,名詞,原神/アイテム/天賦素材
紛争の導き,ふんそうのみちびき,名詞,原神/アイテム/天賦素材
篤行の哲学,とっこうのてつがく,名詞,原神/アイテム/天賦素材
篤行の導き,とっこうのみちびき,名詞,原神/アイテム/天賦素材
篤行の教え,とっこうのおしえ,名詞,原神/アイテム/天賦素材
創意の哲学,そういのてつがく,名詞,原神/アイテム/天賦素材
創意の導き,そういのみちびき,名詞,原神/アイテム/天賦素材
創意の教え,そういのおしえ,名詞,原神/アイテム/天賦素材
天光の哲学,てんこうのてつがく,名詞,原神/アイテム/天賦素材
天光の導き,てんこうのみちびき,名詞,原神/アイテム/天賦素材
天光の教え,てんこうのおしえ,名詞,原神/アイテム/天賦素材
風雅の哲学,ふうがのてつがく,名詞,原神/アイテム/天賦素材
風雅の導き,ふうがのみちびき,名詞,原神/アイテム/天賦素材
風雅の教え,ふうがのおしえ,名詞,原神/アイテム/天賦素材
浮世の哲学,うきよのてつがく,名詞,原神/アイテム/天賦素材
浮世の導き,うきよのみちびき,名詞,原神/アイテム/天賦素材
浮世の教え,うきよのおしえ,名詞,原神/アイテム/天賦素材
黄金の哲学,おうごんのてつがく,名詞,原神/アイテム/天賦素材
黄金の導き,おうごんのみちびき,名詞,原神/アイテム/天賦素材
黄金の教え,おうごんのおしえ,名詞,原神/アイテム/天賦素材
勤労の哲学,きんろうのてつがく,名詞,原神/アイテム/天賦素材
勤労の導き,きんろうのみちびき,名詞,原神/アイテム/天賦素材
勤労の教え,きんろうのおしえ,名詞,原神/アイテム/天賦素材
繁栄の哲学,はんえいのてつがく,名詞,原神/アイテム/天賦素材
繁栄の導き,はんえいのみちびき,名詞,原神/アイテム/天賦素材
繁栄の教え,はんえいのおしえ,名詞,原神/アイテム/天賦素材
詩文の哲学,しぶんのてつがく,名詞,原神/アイテム/天賦素材
詩文の導き,しぶんのみちびき,名詞,原神/アイテム/天賦素材
詩文の教え,しぶんのおしえ,名詞,原神/アイテム/天賦素材
抗争の哲学,こうそうのてつがく,名詞,原神/アイテム/天賦素材
抗争の導き,こうそうのみちびき,名詞,原神/アイテム/天賦素材
抗争の教え,こうそうのおしえ,名詞,原神/アイテム/天賦素材
自由の哲学,じゆうのてつがく,名詞,原神/アイテム/天賦素材
自由の導き,じゆうのみちびき,名詞,原神/アイテム/天賦素材
自由の教え,じゆうのおしえ,名詞,原神/アイテム/天賦素材
忠言の哲学,ちゅうげんのてつがく,名詞,原神/アイテム/天賦素材
忠言の導き,ちゅうげんのみちびき,名詞,原神/アイテム/天賦素材
忠言の教え,ちゅうげんのおしえ,名詞,原神/アイテム/天賦素材
正義の哲学,せいぎのてつがく,名詞,原神/アイテム/天賦素材
正義の導き,せいぎのみちびき,名詞,原神/アイテム/天賦素材
正義の教え,せいぎのおしえ,名詞,原神/アイテム/天賦素材
秩序の哲学,ちつじょのてつがく,名詞,原神/アイテム/天賦素材
秩序の導き,ちつじょのみちびき,名詞,原神/アイテム/天賦素材
秩序の教え,ちつじょのおしえ,名詞,原神/アイテム/天賦素材
公平の哲学,こうへいのてつがく,名詞,原神/アイテム/天賦素材
公平の導き,こうへいのみちびき,名詞,原神/アイテム/天賦素材
公平の教え,こうへいのおしえ,名詞,原神/アイテム/天賦素材
