魔像プラエトリアニ,まぞうぷらえとりあに,名詞,原神/敵
玄文獣,げんもんじゅう,名詞,原神/敵
マシナリー,ましなりー,名詞,原神/敵
ヒルチャールレンジャー,ひるちゃーるれんじゃー,名詞,原神/敵
聖骸獣,せいがいじゅう,名詞,原神/敵
ブリーチャープリムス,,名詞,原神/敵
フライム,ふらいむ,名詞,原神/敵
遺跡巡視者,いせきじゅんししゃ,名詞,原神/敵
キノコン,きのこん,名詞,原神/敵
遺跡機兵,いせききへい,名詞,原神/敵
ウェネト,うぇねと,名詞,原神/敵
遺跡ドレイク,いせきどれいく,名詞,原神/敵
遺跡ドレイク・陸行,,名詞,原神/敵
遺跡ドレイク・飛空,,名詞,原神/敵
プライマル構造体,ぷらいまるこうぞうたい,名詞,原神/敵
マラーナの化身,まらーなのけしん,名詞,原神/敵
ヒルチャール・岩兜の王,ひるちゃーる・いわかぶとのおう,名詞,原神/敵
ヒルチャール・雷兜の王,ひるちゃーる・かみなりかぶとのおう,名詞,原神/敵
エルマイト旅団,えるまいとりょだん,名詞,原神/敵
スライム,すらいむ,名詞,原神/敵
ヒルチャール,ひるちゃーる,名詞,原神/敵
ヒルチャール暴徒,ひるちゃーるぼうと,名詞,原神/敵
ヒルチャール王者,ひるちゃーるおうじゃ,名詞,原神/敵
変わったヒルチャール,かわったひるちゃーる,名詞,原神/敵
遺跡守衛,いせきしゅえい,名詞,原神/敵
遺跡ハンター,いせきはんたー,名詞,原神/敵
遺跡重機,いせきじゅうき,名詞,原神/敵
アビス教団,あびすきょうだん,名詞,原神/敵
アビスの魔術師,あびすのまじゅつし,名詞,原神/敵
アビスの使徒,あびすのしと,名詞,原神/敵
アビスの詠唱者,あびすのえいしょうしゃ,名詞,原神/敵
宝盗団,ほうとうだん,名詞,原神/敵
飛蛍,ひけい,名詞,原神/敵
水蛍,すいけい,名詞,原神/敵
雷蛍,らいけい,名詞,原神/敵
氷蛍,ひょうけい,名詞,原神/敵
狂風のコア,きょうふうのこあ,名詞,原神/敵
トリックフラワー,とりっくふらわー,名詞,原神/敵
ベビーヴィシャップ・岩,べびーゔぃしゃっぷ・いわ,名詞,原神/敵
ヴィシャップ・岩,ゔぃしゃっぷ・いわ,名詞,原神/敵
アビサルヴィシャップ,あびさるゔぃしゃっぷ,名詞,原神/敵
野伏衆,のぶししゅう,名詞,原神/敵
野伏,のぶし,名詞,原神/敵
海乱鬼,かいらぎ,名詞,原神/敵
獣域ウェルプ,じゅういきうぇるぷ,名詞,原神/敵
獣域ハウンド,じゅういきはうんど,名詞,原神/敵
獣域ウルブズ,じゅういきうるぶず,名詞,原神/敵
シャドウハスク,しゃどうはすく,名詞,原神/敵
黒蛇騎士,こくじゃきし,名詞,原神/敵
黒蛇衆,こくじゃしゅう,名詞,原神/敵
氷霜の従者,ひょうせつのじゅうしゃ,名詞,原神/敵/ファデュイ
烈風の従者,れっぷうのじゅうしゃ,名詞,原神/敵/ファデュイ
デットエージェント,でっとえーじぇんと,名詞,原神/敵/ファデュイ
雷蛍術師,らいけいじゅつし,名詞,原神/敵/ファデュイ
氷蛍術師,ひょうけいじゅつし,名詞,原神/敵/ファデュイ
ミラーメイデン,みらーめいでん,名詞,原神/敵/ファデュイ
ファデュイ先遣隊,ふぁでゅいせんけんたい,名詞,原神/敵/ファデュイ
蛍術師,けいじゅつし,名詞,原神/敵
秘源機兵・ハンターシーカー,ひげんきへいはんたーしーかー,名詞,原神/敵
鋳砂の勇士・インタロゲイター,いずなのゆうしいんたろげいたー,名詞,原神/敵
鋳砂の勇士・シールドブレイカー,いずなのゆうししーるどぶれいかー,名詞,原神/敵
鋳砂の勇士・ジャベリニア,いずなのゆうしじゃべりにあ,名詞,原神/敵
迅疾の勇士・シーカー,じんしつのゆうししーかー,名詞,原神/敵
迅疾の勇士・ストームスカウト,じんしつのゆうしすとーむすかうと,名詞,原神/敵
迅疾の勇士・重刃の伝達使,じんしつのゆうしじゅうじんのでんたつし,名詞,原神/敵
流刃の勇士・遊撃手,りゅうじんのゆうしゆうげきしゅ,名詞,原神/敵
流刃の勇士・グリースソウ,りゅうじんのゆうしぐりーすそう,名詞,原神/敵
流刃の勇士・ジャベリックスロワー,りゅうじんのゆうしじゃべりっくすろわー,名詞,原神/敵
テペトル竜戦士・砕晶のハンマー,てぺとるりゅうせんしさいしょうのはんまー,名詞,原神/敵
テペトル竜戦士・砕岩のブレード,てぺとるりゅうせんしさいがんのぶれーど,名詞,原神/敵
ユムカ竜戦士・飛葉の丸鋸,ゆむかりゅうせんしひばのまるのこ,名詞,原神/敵
ユムカ竜戦士・鳴空の大砲,ゆむかりゅうせんしめいくうのたいほう,名詞,原神/敵
コホラ竜戦士・裂波のスロワー,こほらりゅうせんしれっぱのたいほう,名詞,原神/敵
コホラ竜戦士・裂礁のガトリング,こほらりゅうせんしれっしょうのがとりんぐ,名詞,原神/敵
溶岩の像・土蝕者,ようがんのぞうどしょくしゃ,名詞,原神/敵
岩窟・大霊の化身,がんくつたいれいのけしん,名詞,原神/敵
噴流・大霊の化身,ふんりゅうたいれいのけしん,名詞,原神/敵
疾葉・大霊の化身,,名詞,原神/敵
疾風・霜夜の継霊者,しっぷう・そうやのけいれいしゃ,名詞,原神/敵
ヴァルコドラクの略奪者,ゔぁるこどらくのりゃくだつしゃ,名詞,原神/敵
ヴァルコドラクの狙撃手,ゔぁるこどらくのそげきしゅ,名詞,原神/敵
ヴァルコドラクの投擲手,ゔぁるこどらくのとうてきしゅ,名詞,原神/敵
ヴァルコドラクの打撃手,ゔぁるこどらくのだげきしゅ,名詞,原神/敵
レオマスティフ・ガード,れおますてぃふ・がーど,名詞,原神/敵
長耳のストライカー,ながみみのすとらいかー,名詞,原神/敵
ルートコネクター,るーとこねくたー,名詞,原神/敵
牙獣の狂信者,がじゅうのきょうしんしゃ,名詞,原神/敵
蒼狼の追跡者,そうろうのついせきしゃ,名詞,原神/敵
氷の秘法師,こおりのひほうし,名詞,原神/敵
氷の番人,こおりのばんにん,名詞,原神/敵
ハルバードの羽騎士,はるばーどのはねきし,名詞,原神/敵
大空の羽騎士,おおぞらのはねきし,名詞,原神/敵
若枝の木霊,わかえだのこだま,名詞,原神/敵
宿老の木霊,しゅくろうのこだま,名詞,原神/敵
不滅の副産物,ふめつのふくさんぶつ,名詞,原神/敵
合成獣・アーマービースト,ごうせいじゅうあーまーびーすと,名詞,原神/敵
合成獣・バロウビースト,ごうせいじゅうばろうびーすと,名詞,原神/敵
合成獣・ウィングエレファント,ごうせいじゅううぃんぐえれふぁんと,名詞,原神/敵
合成獣・ホーンベア,ごうせいじゅうほーんべあ,名詞,原神/敵
合成獣・フリューゲルレーヴェ,ごうせいじゅうふりゅーげるれーゔぇ,名詞,原神/敵
チュリン,ちゅりん,名詞,原神/敵
バンダースナッチ,ばんだーすなっち,名詞,原神/敵
フュリオサ,ふゅりおさ,名詞,原神/敵
先駆秘源コマンダー陣形,せんくひげんこまんだーじんけい,名詞,原神/敵
領域の番人,りょういきのばんにん,名詞,原神/敵
ボコボコダック,ぼこぼこだっく,名詞,原神/敵
霜夜の空を巡る霊主,そうやのそらをめぐるれいしゅ,名詞,原神/敵
激流・霜夜の継霊者,げきりゅう・そうやのけいれいしゃ,名詞,原神/敵
金礞・霜夜の継霊者,きんえい・そうやのけいれいしゃ,名詞,原神/敵
闇の漁師,やみのりょうし,名詞,原神/敵
重量級陸巡艦「バトルシップ」,じゅうりょうきゅうりくじゅんかんばとるしっぷ,名詞,原神/敵
集光の幻月蝶,しゅうこうのげんげつちょう,名詞,原神/敵
灼熱・霜夜の継霊者,しゃくねつ・そうやのけいれいしゃ,名詞,原神/敵
輝電・霜夜の継霊者,きでん・そうやのけいれいしゃ,名詞,原神/敵
蔓草・霜夜の継霊者,まんそう・そうやのけいれいしゃ / つるくさ・そうやのけいれいしゃ,名詞,原神/敵
氷晶・霜夜の継霊者,ひょうしょう・そうやのけいれいしゃ,名詞,原神/敵
ワイルド・ワンダラー,わいるど・わんだらー,名詞,原神/敵
ワイルド・マッドウォーリアー,わいるど・まっどうぉーりあー,名詞,原神/敵
ファデュイ特務隊・戦列兵,ふぁでゅいとくむたい・せんれつへい,名詞,原神/敵
ファデュイ特務隊・重撃兵,ふぁでゅいとくむたい・じゅうげきへい,名詞,原神/敵
ファデュイ特務隊・銃士,ふぁでゅいとくむたい・じゅうし,名詞,原神/敵
ファデュイ特務隊・前衛,ふぁでゅいとくむたい・ぜんえい,名詞,原神/敵
ファデュイ特務隊・衛生兵,ふぁでゅいとくむたい・えいせいへい,名詞,原神/敵
ファデュイ特務隊・擲弾兵,ふぁでゅいとくむたい・てきだんへい,名詞,原神/敵
ファデュイ特務隊・突撃兵・ファイアーブレイド,ふぁでゅいとくむたい・とくげきへい・ふぁいあーぶれいど,名詞,原神/敵
ファデュイ特務隊・重砲兵・ヘイルストーム,ふぁでゅいとくむたい・じゅうほうへい・へいるすとーむ,名詞,原神/敵
ファデュイ特務隊・近衛兵・サンダーブリッツ,ふぁでゅいとくむたい・このえへい・さんだーぶりっつ,名詞,原神/敵
陸巡艇・近接攻撃型,りくじゅんてい・きんせつこうげきがた,名詞,原神/敵
陸巡艇・近接斥候型,りくじゅんてい・きんせつせっこうがた,名詞,原神/敵
陸巡艇・偵察攻撃型,りくじゅんてい・ていさつこうげきがた,名詞,原神/敵
陸巡艇・偵察斥候型,りくじゅんてい・ていさつせっこうがた,名詞,原神/敵
陸巡艇・偵察ホバー型,りくじゅんてい・ていさつほばーがた,名詞,原神/敵
陸巡艇・最新万能攻撃型,りくじゅんてい・さいしんばんのうこうげきがた,名詞,原神/敵
陸巡艇・最新万能斥候型,りくじゅんてい・ばんのうせっこうがた,名詞,原神/敵
陸巡艇・最新火力ホバー型,りくじゅんてい・さいしんかりょくほばーがた,名詞,原神/敵
集光の幻羊,しゅうこうのげんよう,名詞,原神/敵
集光のブレイドライノ,しゅうこうのぶれいどらいの,名詞,原神/敵
集光の螺施蛸,しゅうこうのらせだこ,名詞,原神/敵
「異色三連星」,いしょくさんれんせい,名詞,原神/敵
「アンデッド」,,名詞,原神/敵
「シェマリの陰」,しぇまりのかげ,名詞,原神/敵
「アトラトの祝福」,しぇまりのかげ,名詞,原神/敵
「墜落せし晨星の霊」,ついらくせししんせいのれい,名詞,原神/敵
「銅の錠」,どうのじょう,名詞,原神/敵
「ポタポの応援」,ぽたぽのおうえん,名詞,原神/敵
「トゥプの繁栄」,とぅぷのはんえい,名詞,原神/敵
「微末」,びまつ,名詞,原神/敵
メンテマシナリー・黄金統率型,めんてましなりーおうごんとうそつがた,名詞,原神/敵
結羽の勇士・空を舞う者,ゆうはのゆうし・そらをまうもの,名詞,原神/敵
結羽の勇士・羽を削ぐ者,ゆうはのゆうし・はねをそぐもの,名詞,原神/敵
結羽の勇士・空を統べる者,ゆうはのゆうし・そらをすべるもの,名詞,原神/敵
霊覚の勇士・掌意師,れいかくのゆうし・しょういし,名詞,原神/敵
霊覚の勇士・念力師,れいかくのゆうし・ねんりきし,名詞,原神/敵
霊覚の勇士・瞑思師,れいかくのゆうし・めいしし,名詞,原神/敵
猛進の勇士・マイティガイ,もうしんのゆうし・まいてぃがい,名詞,原神/敵
猛進の勇士・スマッシャー,もうしんのゆうし・すまっしゃー,名詞,原神/敵
猛進の勇士・グラップラー,もうしんのゆうし・ぐらっぷらー,名詞,原神/敵
クク竜戦士・鍛治の槌,くくりゅうせんし・かじのつち,名詞,原神/敵
クク竜戦士・蒼天の焔,くくりゅうせんし・そうてんのほのお,名詞,原神/敵
イクトミ竜戦士・寒流を運ぶ者,いくとみりゅうせんし・かんりゅうをはこぶもの,名詞,原神/敵
イクトミ竜戦士・氷晶の砲手,いくとみりゅうせんし・ひょうしょうのほうしゅ,名詞,原神/敵
ライノ竜戦士・破空の響動,らいのりゅうせんし・はくうのきょうどう,名詞,原神/敵
ライノ竜戦士・霊明の追縛,らいのりゅうせんし・れいめいのついばく,名詞,原神/敵
凛烈・大霊の化身,,名詞,原神/敵
焚焼・大霊の化身,,名詞,原神/敵
深遠なるミミックフローラ,しんえんなるみみっくふろーら,名詞,原神/敵
