鉄爪,てつづめ,名詞,原神/生物
戦羊,せんよう,名詞,原神/生物
水形幻霊,,名詞,原神/生物
キノシシ,きのしし,名詞,原神/生物
風の精,ゔぃら,名詞,原神/生物
小さき者,どもゔぉーい,名詞,原神/生物
ホワイト駄獣,ほわいとだじゅう,名詞,原神/生物
北ヘラジカ,きたへらじか,名詞,原神/生物
ユキグマ,ゆきぐま,名詞,原神/生物
モフモフアナグマ,もふもふあなぐま,名詞,原神/生物
モコモコネズミ,もこもこねずみ,名詞,原神/生物
アカハラチドリ,あかはらちどり,名詞,原神/生物
氷魂虫,ひょうこんちゅう,名詞,原神/生物
北地ショートヘア,ほくちしょーとへあ,名詞,原神/生物
雪狐,ゆききつね,名詞,原神/生物
木の精,れいしー,名詞,原神/生物
異怪の獣,ゔぁるくどらぐ,名詞,原神/生物
ランプのフェイ,らんぷのふぇい,名詞,原神/生物
予見の鳥,あるこのすと,名詞,原神/生物
スミレトキ,すみれとき,名詞,原神/生物
ノロツノライノ,のろつのらいの,名詞,原神/生物
ネムリヒツジ,ねむりひつじ,名詞,原神/生物
ヒカリトゲヤモリ,ひかりとげやもり,名詞,原神/生物
灰青オオカミ,はいあおおおかみ,名詞,原神/生物
灰首フラミンゴ,かいしゅふらみんご,名詞,原神/生物
クンクンモグラ,くんくんもぐら,名詞,原神/生物
花房クラゲ,はなぶさくらげ,名詞,原神/生物
ルオンノタル,るおんのたる,名詞,原神/生物
照羽トキ,しょううとき,名詞,原神/生物
ガケツノメドリ,てりばねとき,名詞,原神/生物
栗皮ヤギ,くりかわやぎ,名詞,原神/生物
黄昏ヤギ,たそがれやぎ,名詞,原神/生物
モサモサアナグマ,もさもさあなぐま,名詞,原神/生物
ツノシカ,つのしか,名詞,原神/生物
古代シーマイマイ,,名詞,原神/生物
岩ヤドカニ,,名詞,原神/生物
フロストフィンイルカ,ふろすとふぃんいるか,名詞,原神/生物
ピーク,ぴーく,名詞,原神/生物
カピバラ キング!,かぴばら きんぐ!,名詞,原神/生物
琉彩ガメ・古種,りゅうさいがめ・こしゅ,名詞,原神/生物
ショコアトルヤギ,しょこあとるやぎ,名詞,原神/生物
朱羽ヤマガラ・古種,しゅばねやまがら・こしゅ,名詞,原神/生物
赤喙ペリカン,あかくちばしぺりかん,名詞,原神/生物
フワフワヤギ,ふわふわやぎ,名詞,原神/生物
玉璜ガメ,ぎょくごうがめ,名詞,原神/生物
玉璜古ガメ,ぎょくごうこがめ,名詞,原神/生物
秋羽鴨,しゅううかも,名詞,原神/生物
ヒスイのハートフェザースズキ,ひすいのはーとふぇざーすずき,名詞,原神/生物
玉光虫,ぎょくこうちゅう,名詞,原神/生物
水晶蝶,みずしょうちょう,名詞,原神/生物
弾丸フジツボ,だんがんふじつぼ,名詞,原神/生物
ウーウーブドウ,うーうーぶどう,名詞,原神/生物
アワアワタツノコ・オス,あわあわたつのこ・おす,名詞,原神/生物
チェルビックアプリシア,ちぇるびっくあぷりしあ,名詞,原神/生物
重甲ヤドカニ,じゅうこうやどかに,名詞,原神/生物
堅盾重甲ヤドカニ,けんじゅんじゅうこうやどかに,名詞,原神/生物
狩猟刀エイ,しゅりょうとうえい,名詞,原神/生物
プクプク獣,ぷくぷくじゅう,名詞,原神/生物
マンマルタコ,まんまるたこ,名詞,原神/生物
ボウシクラゲ,ぼうしくらげ,名詞,原神/生物
アンジェリックアプリシア,んじぇりっくあぷりしあ,名詞,原神/生物
スピノクロコ,すぴのくろこ,名詞,原神/生物
赤鷲,,名詞,原神/生物
ノンビリラッコ,のんびりらっこ,名詞,原神/生物
ガードドッグ,がーどどっぐ,名詞,原神/生物
ジェントルドッグ,じぇんとるどっぐ,名詞,原神/生物
レディドッグ,れでぃどっぐ,名詞,原神/生物
赤カンムリガラ,あかかんむりがら,名詞,原神/生物
カサガラ,かさがら,名詞,原神/生物
マゼンタクジャクバト,まぜんたくじゃくばと,名詞,原神/生物
紫金オオズグロカモメ,しきんおおずぐろかもめ,名詞,原神/生物
シズクちゃん,しずくちゃん,名詞,原神/生物
モジャモジャ駄獣,もじゃもじゃだじゅう,名詞,原神/生物
リシュボラン虎のラージャ,りしゅぼらんとらのらーじゃ,名詞,原神/生物
テントガメ,てんとがめ,名詞,原神/生物
霊芯,れいしん,名詞,原神/生物
谷木の残霊,,名詞,原神/生物
霊光カゲロウ,れいこうかげろう,名詞,原神/生物
甘露カゲロウ,かんろかげろう,名詞,原神/生物
霊光,れいこう,名詞,原神/生物
霊光百種,れいこうひゃくしゅ,名詞,原神/生物
元素生命,げんそせいめい,名詞,原神/生物
風の悪霊,かぜのあくりょう,名詞,原神/生物
花霊,かれい,名詞,原神/生物
オニカブトムシ,おにかぶとむし,名詞,原神/生物
ジンニー,じんにー,名詞,原神/生物
トビヘビ,とびへび,名詞,原神/生物
流砂ウナギ,りゅうさうなぎ,名詞,原神/生物
ラクラク駄獣,らくらくだじゅう,名詞,原神/生物
サソリ,さそり,名詞,原神/生物
ゲーターキング,げーたーきんぐ,名詞,原神/生物
駄獣大王,だじゅうだいおう,名詞,原神/生物
草晶蝶,くさしょうちょう,名詞,原神/生物
瞑彩鳥,めいさいとり,名詞,原神/生物
瞑彩鳥,めいさいどり,名詞,原神/生物
瞑彩鳥,めいさいちょう,名詞,原神/生物
リシュボラン虎,りしゅぼらんとら,名詞,原神/生物
温暖仙霊,おんだんせんれい,名詞,原神/生物
光彩仙霊,こうさいせんれい,名詞,原神/生物
風晶蝶,かぜしょうちょう,名詞,原神/生物
岩晶蝶,いわしょうちょう,名詞,原神/生物
氷晶蝶,こおりしょうちょう,名詞,原神/生物
雷晶蝶,かみなりしょうちょう,名詞,原神/生物
イノシシ,いのしし,名詞,原神/生物
雪のイノシシ,ゆきのいのしし,名詞,原神/生物
雪のイノシシ王,ゆきのいのししおう,名詞,原神/生物
宝盗イタチ・新米,ほうとういたち・しんまい,名詞,原神/生物
宝盗イタチ・中堅,ほうとういたち・ちゅうけん,名詞,原神/生物
宝盗イタチ・黄金,ほうとういたち・おうごん,名詞,原神/生物
青雷イタチ,せいらいいたち,名詞,原神/生物
吉光虫,きっこうちゅう,名詞,原神/生物
妖狸,ばけだぬき,名詞,原神/生物
冥魚,めいぎょ,名詞,原神/生物
大霊,たいれい,名詞,原神/生物
アオヤマヘラサギ,あおやまへらさぎ,名詞,原神/生物
赤フラミンゴ,,名詞,原神/生物
ハルバード・サイチョウ,はるばーど・さいちょう,名詞,原神/生物
エリマキキジ,えりまききじ,名詞,原神/生物
漂流ペンギン,,名詞,原神/生物
ブラウンディア,ぶらうんでぃあ,名詞,原神/生物
モコモコ駄獣,,名詞,原神/生物
カピバラ,かぴばら,名詞,原神/生物
クビナガライノ,くびながらいの,名詞,原神/生物
フライングモモンガ,ふらいんぐももんが,名詞,原神/生物
炎晶蝶,,名詞,原神/生物
燃素ミツムシ,,名詞,原神/生物
クリスタルビートル,くりすたるびーとる,名詞,原神/生物
浮燃ペンギン,,名詞,原神/生物
紅蓮蛾,ぐれんが,名詞,原神/生物
