フォンタ,ふぉんた,名詞,原神/食べ物
星茸,ほしたけ,名詞,原神/食べ物
お肉ツミツミ,おにくつみつみ,名詞,原神/食べ物
ハスの花パイ,はすのはなぱい,名詞,原神/食べ物
獣肉,けものにく,名詞,原神/食べ物
冷製鮮肉,れいせいせんにく,名詞,原神/食べ物
鳥肉,とりにく,名詞,原神/食べ物
魚肉,ぎょにく,名詞,原神/食べ物
仙跳牆,せんちょうしょう,名詞,原神/食べ物
セラーガーデン・スモークソーセージ,せらーがーでん・すもーくそーせーじ,名詞,原神/食べ物
鮮魚のストロガニナ,,名詞,原神/食べ物
ボルシチ,ぼるしち,名詞,原神/食べ物
グルポフ黒パン,,名詞,原神/食べ物
クワス,くわす,名詞,原神/食べ物
スパイスハニー,すぱいすはにー,名詞,原神/食べ物
フロストブリュー,ふろすとぶりゅー,名詞,原神/食べ物
肉の壺焼き,,名詞,原神/食べ物
アイススグリのアイスクリーム,,名詞,原神/食べ物
メドヴィク,めどゔぃく,名詞,原神/食べ物
スネージナヤ串焼き,,名詞,原神/食べ物
白の雪玉花,,名詞,原神/食べ物
雪国スープ,,名詞,原神/食べ物
お茶会のプレリュード・ハーバルティ,,名詞,原神/食べ物
寸分違わず,,名詞,原神/食べ物
湖畔の雪鳥,,名詞,原神/食べ物
飴細工・アイノ,あめざいく・あいの,名詞,原神/食べ物
飴細工・イネファ,あめざいく・いねふぁ,名詞,原神/食べ物
飴細工・ラウマ,あめざいく・らうま,名詞,原神/食べ物
飴細工・フリンズ,あめざいく・ふりんず,名詞,原神/食べ物
飴細工・ネフェル,あめざいく・ねふぇる,名詞,原神/食べ物
飴細工・ヤフォダ,あめざいく・やふぉだ,名詞,原神/食べ物
飴細工・コロンビーナ,あめざいく・ころんびーな,名詞,原神/食べ物
飴細工・イルーガ,あめざいく・いるーが,名詞,原神/食べ物
飴細工・リンネア,あめざいく・りんねあ,名詞,原神/食べ物
ミートライ麦パン,,名詞,原神/食べ物
スペアリブの樺蒸し,すぺありぶのかばむし,名詞,原神/食べ物
お茶会のハーモニー,,名詞,原神/食べ物
お茶会のプレリュード・ラテアート,おちゃかいのぷれりゅーど・らてあーと,名詞,原神/食べ物
ミントバブルガム,みんとばぶるがむ,名詞,原神/食べ物
退屈しのぎのバブルガム,,名詞,原神/食べ物
肉詰め豆腐,,名詞,原神/食べ物
ルーレットカクテル,るーれっとかくてる,名詞,原神/食べ物
金細工の宝箱,きんざいくのたからばこ,名詞,原神/食べ物
くるくるスペシャル,,名詞,原神/食べ物
ポートフィッシュバーガー,ぽーとふぃっしゅばーがー,名詞,原神/食べ物
虹色の木漏れ日,にじいろのこもれび,名詞,原神/食べ物
風止みの花,,名詞,原神/食べ物
鍛金冷玉,,名詞,原神/食べ物
「爽快」,,名詞,原神/食べ物
キャンプファイヤーの狂喜,,名詞,原神/食べ物
カリカリ春巻き,,名詞,原神/食べ物
豊穣瑞雪餅,,名詞,原神/食べ物
春鮮揚げ,,名詞,原神/食べ物
夜廻りのスープ,よまわりのすーぷ,名詞,原神/食べ物
飴細工・月霊,あめざいく・げつれい,名詞,原神/食べ物
野菜の缶詰スープ,,名詞,原神/食べ物
パンダフル・キノコ,ぱんだふる・きのこ,名詞,原神/食べ物
フラワーベリーキャンディー,ふらわーべりーきゃんでぃー,名詞,原神/食べ物
遥かなる白月,,名詞,原神/食べ物
ロヒケイット,ろひけいっと,名詞,原神/食べ物
ナド・クライ・ホットドッグ,など・くらい・ほっとどっぐ,名詞,原神/食べ物
特製ドリンク「455」,,名詞,原神/食べ物
ホワイトベリークッコ,ほわいとべりーくっこ,名詞,原神/食べ物
リンゴと肉の煮込み(試作品),,名詞,原神/食べ物
「秘話の駆け引き」,,名詞,原神/食べ物
「宿題」,,名詞,原神/食べ物
燻製フィッシュステーキ,くんせいふぃっしゅすてーき,名詞,原神/食べ物
長き夜に燃ゆる炎,,名詞,原神/食べ物
辺境クリスプ・ブレッド,へんきょうくりすぷ・ぶれっど,名詞,原神/食べ物
鳥肉のホワイトベリー漬け焼き,とりにくのほわいとべりーつけやき,名詞,原神/食べ物
飴細工・照羽トキ,あめざいく・しょうはとき,名詞,原神/食べ物
飴細工・フロストフィンイルカ,あめざいく・ふろすとふぃんいるか,名詞,原神/食べ物
飴細工・モサモサアナグマ,あめざいく・もさもさあなぐま,名詞,原神/食べ物
飴細工・ガケツノメドリ,あめざいく・がけつのめどり,名詞,原神/食べ物
飴細工・ツノシカ,あめざいく・つのしか,名詞,原神/食べ物
ソマルケーキ,そまるけーき,名詞,原神/食べ物
ツインベリーロール,ついんべりーろーる,名詞,原神/食べ物
カリカリステーキ,かりかりすてーき,名詞,原神/食べ物
ハーベスト・オブ・ザ・デイ,はーべすと・おぶ・ざ・でい,名詞,原神/食べ物
ゴロピシャ電光斬！,,名詞,原神/食べ物
ガチャガチャスイートカップ,がちゃがちゃすいーとかっぷ,名詞,原神/食べ物
森のささやき,,名詞,原神/食べ物
ホワイトベリー,ほわいとべりー,名詞,原神/食べ物
ソマルの実,,名詞,原神/食べ物
ナナズパインケーキ,ななずぱいんけーき,名詞,原神/食べ物
チュペ・デ・カマロネス,ちゅぺ・で・かまろねす,名詞,原神/食べ物
アシャパン,あしゃぱん,名詞,原神/食べ物
フルーツネクター,ふるーつねくたー,名詞,原神/食べ物
つぶつぶミルクパイ,,名詞,原神/食べ物
ミートラバーフェスタ,みーとらばーふぇすた,名詞,原神/食べ物
獣肉ハリケーン,けものにくはりけーん,名詞,原神/食べ物
アップルシュトゥルーデル,あっぷるしゅとぅるーでる,名詞,原神/食べ物
「夜の歓談」,よるのかんだん,名詞,原神/食べ物
「暗き淵の獲物」,,名詞,原神/食べ物
初霜のモン・オトンヌキ,,名詞,原神/食べ物
黄金のホワイエ,,名詞,原神/食べ物
翠のブーケ,,名詞,原神/食べ物
砂をさらう白波,,名詞,原神/食べ物
シェルキャンディー,しぇるきゃんでぃー,名詞,原神/食べ物
ミニドゥボールケーキ・改良版,,名詞,原神/食べ物
ドゥボールケーキ・デラックス,どぅぼーるけーき・でらっくす,名詞,原神/食べ物
心の支え,,名詞,原神/食べ物
玉紋茶葉蛋,ぎょくもんちゃばたん,名詞,原神/食べ物
沈玉茶,ちんぎょくちゃ,名詞,原神/食べ物
まっくろタマゴ,,名詞,原神/食べ物
仔鳩の茶葉燻製,こばとのちゃばくんせい,名詞,原神/食べ物
清心の花パイ,せいしんのはなぱい,名詞,原神/食べ物
グレインスティック,ぐれいんすてぃっく,名詞,原神/食べ物
チーズとキノコの串焼き,ちーずときのこのくしやき,名詞,原神/食べ物
セビチェ,せびちぇ,名詞,原神/食べ物
独占秘話・グルメコラム,どくせんひわ・ぐるめこらむ,名詞,原神/食べ物
炎岩の歌,えんがんのうた,名詞,原神/食べ物
タタコス,たたこす,名詞,原神/食べ物
銭湯まんじゅう,せんとうまんじゅう,名詞,原神/食べ物
豊穣のフルーツジュース,ほうじょうのふるーつじゅーす,名詞,原神/食べ物
梅落雪間酔,,名詞,原神/食べ物
高らかな歌声,たからかなうたごえ,名詞,原神/食べ物
ハーベスト・ブーン,はーべすと・ぶーん,名詞,原神/食べ物
ミステリードリンク,みすてりーどりんく,名詞,原神/食べ物
グレインラップ,ぐれいんらっぷ,名詞,原神/食べ物
パステル・デ・ハイバ,ぱすてる・で・はいば,名詞,原神/食べ物
花に翦玉,はなにせんぎょく,名詞,原神/食べ物
夢一夜の癒し,ゆめひとよのいやし,名詞,原神/食べ物
しばしの休息,しばしのきゅうそく,名詞,原神/食べ物
ハニーセビチェ,はにーせびちぇ,名詞,原神/食べ物
集いし炎の賛歌,つどいしほのおのさんか,名詞,原神/食べ物
唯一無二の秘法,ゆいいつむにのひほう,名詞,原神/食べ物
マウント・マッシュルーム(一人前),まうんと・まっしゅるーむいちにんまえ,名詞,原神/食べ物
ゴールドヘルシーメニュー,ごーるどへるしーめにゅー,名詞,原神/食べ物
グレインの実,ぐれいんのみ,名詞,原神/食べ物
赤トロピカルキノコ,あかとろぴかるきのこ,名詞,原神/食べ物
