コシーホ,こしーほ,名詞,原神/生物
晶蝶,しょうちょう,名詞,原神/生物
宝盗イタチ,ほうとういたち,名詞,原神/生物
原海アベラント,げんかいあべらんと,名詞,原神/生物
亜種生物,あしゅせいぶつ,名詞,原神/生物
純水精霊,じゅんすいせいれい,名詞,原神/生物
駄獣,だじゅう,名詞,原神/生物
メリュジーヌ,めりゅじーぬ,名詞,原神/生物
聖金虫,せいきんちゅう,名詞,原神/生物
アランナラ,あらんなら,名詞,原神/生物
仙霊,せんれい,名詞,原神/生物
雷霊,らいれい,名詞,原神/生物
テペトル仔竜,てぺとるこりゅう,名詞,原神/生物
テペトル竜,てぺとるりゅう,名詞,原神/生物
コホラ仔竜,こほらこりゅう,名詞,原神/生物
コホラ竜,こほらりゅう,名詞,原神/生物
ユムカ仔竜,ゆむかこりゅう,名詞,原神/生物
ユムカ竜,ゆむかりゅう,名詞,原神/生物
雪の精,すにぇがゔぃーく,名詞,原神/生物
ヨルミミズク,よるみみずく,名詞,原神/生物
晶鉱虫,しょうこうちゅう,名詞,原神/生物
霜の精,じゃっくふろすと,名詞,原神/生物
海の精,せいれーん,名詞,原神/生物
マンドラゴラ,まんどらごら,名詞,原神/生物
集光の凛狼,しゅうこうのりんろう,名詞,原神/生物
月霊,げつれい,名詞,原神/生物
月蛍,,名詞,原神/生物
幻写霊,げんしゃれい,名詞,原神/生物
アシャ,あしゃ,名詞,原神/生物
クク仔竜,くくこりゅう,名詞,原神/生物
クク竜,くくりゅう,名詞,原神/生物
イクトミ仔竜,いくとみこりゅう,名詞,原神/生物
イクトミ竜,いくとみりゅう,名詞,原神/生物
ライノ仔竜,らいのこりゅう,名詞,原神/生物
ライノ竜,らいのりゅう,名詞,原神/生物
マグマイタチ,まぐまいたち,名詞,原神/生物
トモシビヘラサギ・古種,ともしびへらさぎ・こしゅ,名詞,原神/生物
